seconds_since_last_llm_call,hour_of_day,is_weekend,app_category,title_length,app_changed,is_first_time_app_today,switches_last_5min,worth_flagging
inf,9,False,browser,29,True,True,0,0
inf,9,False,chat,8,True,True,1,0
inf,9,False,terminal,10,True,True,2,1
113.0,9,False,browser,7,True,False,3,0
141.0,9,False,ide,16,True,True,4,1
134.0,9,False,chat,8,True,True,3,1
55.0,9,False,ide,33,True,False,3,0
174.0,9,False,other,0,True,True,2,0
373.0,9,False,chat,8,True,False,1,0
486.0,9,False,terminal,10,True,False,1,0
530.0,9,False,document,18,True,True,2,0
561.0,9,False,chat,12,True,False,3,0
590.0,9,False,browser,5,True,False,4,1
159.0,9,False,document,18,True,False,4,0
350.0,9,False,chat,8,True,False,1,1
101.0,9,False,chat,15,True,True,2,1
80.0,9,False,browser,7,True,False,2,0
265.0,9,False,document,18,True,False,2,0
439.0,9,False,browser,29,True,False,1,0
464.0,9,False,chat,12,True,False,2,0
566.0,9,False,chat,8,False,False,2,0
733.0,9,False,chat,8,True,False,3,0
832.0,9,False,document,18,True,False,2,0
1008.0,9,False,document,18,False,False,2,0
1168.0,9,False,chat,8,True,False,1,0
1359.0,9,False,terminal,10,True,False,1,1
123.0,9,False,chat,8,True,False,1,0
291.0,9,False,other,0,True,False,2,0
379.0,9,False,chat,11,True,False,2,0
594.0,9,False,ide,16,True,False,1,1
107.0,10,False,ide,25,False,False,1,0
166.0,10,False,chat,8,True,False,2,0
338.0,10,False,document,18,True,False,2,0
569.0,10,False,chat,15,True,False,1,0
641.0,10,False,chat,15,False,False,1,0
836.0,10,False,terminal,16,True,False,2,1
234.0,10,False,chat,8,True,False,1,0
295.0,10,False,other,0,True,False,2,0
426.0,10,False,terminal,10,True,False,2,0
651.0,10,False,browser,29,True,False,1,0
816.0,10,False,browser,29,False,False,1,0
929.0,10,False,terminal,10,True,False,2,0
1031.0,10,False,browser,5,True,False,2,0
1177.0,10,False,chat,15,True,False,2,1
189.0,10,False,ide,33,True,False,1,0
420.0,10,False,browser,7,True,False,1,0
453.0,10,False,chat,8,True,False,2,0
498.0,10,False,chat,8,False,False,2,0
687.0,10,False,chat,15,True,False,3,1
134.0,10,False,chat,8,True,False,1,0
215.0,10,False,browser,7,True,False,2,0
315.0,10,False,chat,8,True,False,2,0
519.0,10,False,terminal,10,True,False,1,1
87.0,10,False,ide,33,True,False,2,0
120.0,10,False,chat,15,True,False,2,0
186.0,10,False,document,18,True,False,3,0
415.0,10,False,ide,16,True,False,2,0
607.0,11,False,browser,29,True,False,1,1
199.0,11,False,chat,15,True,False,1,0
372.0,11,False,terminal,16,True,False,1,0
inf,9,False,browser,29,True,True,0,0
inf,9,False,other,0,True,True,1,0
inf,9,False,chat,12,True,True,1,1
102.0,9,False,ide,16,True,True,1,0
174.0,9,False,ide,25,False,False,2,0
287.0,9,False,chat,15,True,True,3,0
340.0,9,False,chat,15,False,False,3,0
359.0,9,False,chat,8,True,True,4,0
444.0,9,False,ide,33,True,False,4,1
154.0,9,False,ide,16,False,False,3,0
173.0,9,False,chat,15,True,False,4,1
22.0,9,False,browser,29,True,False,5,0
247.0,9,False,browser,7,False,False,3,1
35.0,9,False,chat,12,True,False,3,1
157.0,9,False,chat,11,False,False,2,0
182.0,9,False,ide,33,True,False,3,0
253.0,9,False,other,0,True,False,4,1
188.0,9,False,chat,11,True,False,3,0
260.0,9,False,document,18,True,True,2,0
436.0,9,False,other,0,True,False,2,0
521.0,9,False,chat,8,True,False,2,0
643.0,9,False,browser,29,True,False,2,0
785.0,9,False,browser,29,False,False,2,0
857.0,9,False,chat,11,True,False,2,1
230.0,9,False,terminal,11,True,True,1,0
329.0,9,False,browser,29,True,False,1,0
446.0,9,False,chat,8,True,False,2,0
621.0,9,False,chat,8,False,False,2,0
850.0,9,False,chat,8,False,False,1,0
884.0,9,False,terminal,11,True,False,2,0
1030.0,9,False,browser,7,True,False,2,1
77.0,9,False,terminal,11,True,False,3,0
169.0,10,False,chat,11,True,False,2,0
336.0,10,False,chat,11,False,False,2,0
405.0,10,False,chat,8,True,False,2,0
572.0,10,False,ide,16,True,False,2,0
588.0,10,False,other,0,True,False,3,1
202.0,10,False,ide,25,True,False,2,0
274.0,10,False,terminal,10,True,False,3,1
118.0,10,False,terminal,10,False,False,2,0
151.0,10,False,other,0,True,False,3,1
236.0,10,False,browser,7,True,False,2,0
250.0,10,False,terminal,10,True,False,3,1
115.0,10,False,document,18,True,False,2,0
198.0,10,False,terminal,16,True,False,3,0
433.0,10,False,document,18,True,False,1,0
612.0,10,False,document,18,False,False,1,0
643.0,10,False,chat,11,True,False,2,0
806.0,10,False,document,18,True,False,2,0
1032.0,10,False,terminal,16,True,False,1,1
230.0,10,False,terminal,16,False,False,1,0
280.0,10,False,other,0,True,False,2,0
490.0,10,False,document,18,True,False,2,0
535.0,10,False,chat,12,True,False,2,0
763.0,10,False,browser,5,True,False,2,0
824.0,10,False,ide,25,True,False,2,0
918.0,10,False,chat,12,True,False,2,0
980.0,10,False,chat,8,True,False,3,1
54.0,10,False,ide,33,True,False,4,0
130.0,10,False,other,0,True,False,4,0
inf,9,False,terminal,10,True,True,0,0
inf,9,False,chat,8,True,True,1,0
inf,9,False,chat,11,True,True,2,1
42.0,9,False,chat,8,False,False,3,0
109.0,9,False,ide,16,True,True,4,0
230.0,9,False,chat,15,True,True,3,0
418.0,9,False,other,0,True,True,1,1
107.0,9,False,other,0,False,False,2,0
279.0,9,False,chat,8,True,False,2,0
483.0,9,False,ide,16,True,False,1,0
533.0,9,False,other,0,True,False,2,0
680.0,9,False,chat,15,True,False,2,0
801.0,9,False,chat,8,True,False,2,0
976.0,9,False,terminal,11,True,False,2,0
1137.0,9,False,document,18,True,True,1,0
1371.0,9,False,other,0,True,False,1,0
1596.0,9,False,terminal,10,True,False,1,1
71.0,9,False,chat,15,True,False,2,0
146.0,9,False,chat,11,True,False,2,0
221.0,9,False,chat,15,True,False,3,0
408.0,9,False,chat,15,False,False,2,0
482.0,9,False,chat,8,True,False,2,0
715.0,9,False,document,18,True,False,1,0
758.0,9,False,browser,29,True,True,2,0
940.0,9,False,chat,12,True,False,2,0
999.0,9,False,terminal,10,True,False,3,0
1108.0,9,False,browser,5,True,False,2,0
1219.0,9,False,document,18,True,False,3,1
218.0,9,False,ide,16,True,False,1,0
454.0,10,False,other,0,True,False,1,0
556.0,10,False,ide,33,True,False,1,1
95.0,10,False,chat,15,True,False,2,0
318.0,10,False,chat,8,True,False,1,0
447.0,10,False,other,0,True,False,1,1
116.0,10,False,chat,12,True,False,2,0
220.0,10,False,chat,15,True,False,2,0
410.0,10,False,document,18,True,False,2,0
650.0,10,False,terminal,11,True,False,1,0
791.0,10,False,terminal,10,False,False,1,0
947.0,10,False,ide,25,True,False,2,1
169.0,10,False,ide,16,False,False,1,0
395.0,10,False,other,0,True,False,1,1
17.0,10,False,chat,15,True,False,2,0
105.0,10,False,chat,8,True,False,2,0
193.0,10,False,chat,12,True,False,3,1
76.0,10,False,document,18,True,False,4,0
294.0,10,False,other,0,True,False,2,0
303.0,10,False,browser,5,True,False,2,0
365.0,10,False,ide,25,True,False,3,1
15.0,10,False,browser,7,True,False,3,0
71.0,10,False,ide,16,True,False,4,1
44.0,10,False,ide,33,False,False,5,0
170.0,10,False,chat,8,True,False,4,0
230.0,10,False,browser,7,True,False,4,0
431.0,10,False,chat,15,True,False,2,0
591.0,10,False,document,18,True,False,1,0
675.0,10,False,browser,29,True,False,2,0
686.0,10,False,browser,7,False,False,3,0
792.0,10,False,chat,8,True,False,3,1
156.0,11,False,chat,8,True,False,3,1
inf,9,False,chat,12,True,True,0,0
inf,9,False,document,18,True,True,1,1
195.0,9,False,document,18,False,False,1,0
379.0,9,False,document,18,False,False,1,1
83.0,9,False,chat,15,True,True,2,1
35.0,9,False,chat,8,True,True,2,1
35.0,9,False,chat,12,True,False,3,1
60.0,9,False,terminal,16,True,True,4,0
250.0,9,False,chat,15,True,False,3,0
468.0,9,False,chat,8,True,False,1,0
531.0,9,False,chat,12,True,False,2,1
82.0,9,False,document,18,True,False,2,0
223.0,9,False,ide,33,True,True,3,1
16.0,9,False,terminal,11,True,False,3,1
79.0,9,False,ide,33,True,False,3,0
306.0,9,False,terminal,10,True,False,1,0
534.0,9,False,chat,15,True,False,1,0
611.0,9,False,ide,33,True,False,1,0
728.0,9,False,chat,15,True,False,2,1
18.0,9,False,document,18,True,False,3,1
34.0,9,False,chat,8,True,False,4,1
130.0,9,False,browser,5,True,True,4,1
166.0,9,False,browser,7,False,False,2,0
209.0,9,False,ide,16,True,False,2,0
277.0,9,False,chat,8,True,False,3,1
200.0,9,False,browser,7,True,False,2,0
403.0,9,False,other,0,True,True,1,0
640.0,9,False,other,0,False,False,1,0
865.0,10,False,chat,15,True,False,1,0
1015.0,10,False,other,0,True,False,1,1
194.0,10,False,ide,33,True,False,1,0
359.0,10,False,browser,29,True,False,1,0
533.0,10,False,chat,12,True,False,1,0
599.0,10,False,browser,29,True,False,2,1
24.0,10,False,terminal,10,True,False,3,0
133.0,10,False,terminal,16,False,False,3,0
212.0,10,False,chat,15,True,False,4,1
78.0,10,False,ide,16,True,False,4,0
101.0,10,False,chat,8,True,False,4,1
206.0,10,False,chat,12,True,False,2,0
240.0,10,False,chat,12,False,False,3,0
283.0,10,False,chat,11,False,False,3,0
306.0,10,False,chat,8,True,False,3,1
207.0,10,False,ide,16,True,False,3,0
324.0,10,False,chat,8,True,False,1,1
181.0,10,False,browser,5,True,False,2,0
255.0,10,False,chat,8,True,False,2,0
280.0,10,False,chat,15,True,False,3,0
473.0,10,False,ide,25,True,False,3,1
11.0,10,False,document,18,True,False,3,1
177.0,10,False,browser,29,True,False,2,0
392.0,10,False,ide,33,True,False,1,0
592.0,10,False,chat,8,True,False,1,0
729.0,10,False,terminal,11,True,False,1,0
780.0,10,False,chat,15,True,False,2,0
808.0,10,False,other,0,True,False,3,1
109.0,10,False,chat,15,True,False,3,0
285.0,10,False,document,18,True,False,2,0
374.0,10,False,browser,29,True,False,2,0
452.0,10,False,other,0,True,False,2,0
inf,9,False,terminal,11,True,True,0,0
inf,9,False,chat,15,True,True,1,1
87.0,9,False,other,0,True,True,2,0
153.0,9,False,chat,11,True,True,3,1
224.0,9,False,other,0,True,False,2,0
310.0,9,False,other,0,False,False,1,0
413.0,9,False,chat,15,True,False,2,0
427.0,9,False,terminal,11,True,False,3,0
583.0,9,False,terminal,10,False,False,3,0
811.0,9,False,document,18,True,True,1,1
139.0,9,False,chat,15,True,False,1,0
328.0,9,False,chat,15,False,False,1,1
227.0,9,False,terminal,11,True,False,1,0
352.0,9,False,terminal,16,False,False,1,0
516.0,9,False,chat,8,True,True,2,0
739.0,9,False,other,0,True,False,1,0
825.0,9,False,document,18,True,False,1,1
163.0,9,False,chat,15,True,False,2,0
329.0,9,False,browser,29,True,True,1,0
525.0,9,False,chat,8,True,False,1,0
555.0,9,False,browser,5,True,False,2,0
602.0,9,False,browser,5,False,False,3,1
16.0,9,False,chat,8,True,False,4,0
96.0,9,False,document,18,True,False,4,1
115.0,9,False,document,18,False,False,5,0
255.0,9,False,terminal,16,True,False,2,1
48.0,9,False,other,0,True,False,2,0
209.0,9,False,terminal,16,True,False,2,1
132.0,10,False,other,0,True,False,2,0
255.0,10,False,terminal,16,True,False,2,0
325.0,10,False,chat,8,True,False,2,0
560.0,10,False,ide,25,True,True,1,0
583.0,10,False,chat,8,True,False,2,0
738.0,10,False,chat,15,True,False,2,0
919.0,10,False,chat,8,True,False,1,1
221.0,10,False,chat,8,False,False,1,0
324.0,10,False,chat,8,False,False,1,0
389.0,10,False,chat,15,True,False,2,0
541.0,10,False,other,0,True,False,2,0
551.0,10,False,chat,8,True,False,3,0
558.0,10,False,other,0,True,False,4,1
195.0,10,False,ide,33,True,False,3,1
203.0,10,False,chat,15,True,False,1,0
413.0,10,False,chat,11,True,False,1,0
580.0,10,False,document,18,True,False,1,0
649.0,10,False,chat,11,True,False,2,1
29.0,10,False,terminal,10,True,False,3,0
235.0,10,False,ide,25,True,False,2,0
388.0,10,False,chat,15,True,False,1,0
416.0,10,False,document,18,True,False,2,0
612.0,10,False,chat,8,True,False,2,0
668.0,10,False,other,0,True,False,3,1
229.0,10,False,terminal,10,True,False,2,1
217.0,10,False,document,18,True,False,1,0
455.0,10,False,terminal,11,True,False,1,0
651.0,11,False,chat,15,True,False,1,0
775.0,11,False,document,18,True,False,1,0
973.0,11,False,browser,29,True,False,1,0
1163.0,11,False,chat,11,True,False,1,1
28.0,11,False,other,0,True,False,2,0
inf,9,True,chat,8,True,True,0,1
217.0,9,True,chat,8,False,False,1,0
277.0,9,True,chat,11,False,False,2,0
480.0,9,True,chat,12,False,False,2,0
485.0,9,True,terminal,10,True,True,3,1
38.0,9,True,chat,8,True,True,3,1
33.0,9,True,chat,8,False,False,4,1
8.0,9,True,ide,16,True,True,5,1
155.0,9,True,document,18,True,True,5,1
49.0,9,True,document,18,False,False,6,0
86.0,9,True,chat,8,True,False,5,1
195.0,9,True,other,0,True,True,3,1
119.0,9,True,browser,5,True,True,1,0
239.0,9,True,document,18,True,False,2,0
255.0,9,True,chat,11,True,False,3,1
169.0,9,True,chat,8,True,False,2,0
296.0,9,True,ide,16,True,False,2,0
476.0,9,True,other,0,True,False,1,0
663.0,9,True,browser,5,True,False,1,0
898.0,9,True,chat,15,True,True,1,1
160.0,9,True,browser,5,True,False,1,0
197.0,9,True,terminal,16,True,False,2,0
299.0,9,True,chat,8,True,False,3,1
134.0,9,True,chat,8,False,False,3,0
342.0,9,True,other,0,True,False,1,0
513.0,9,True,browser,7,True,False,1,0
633.0,9,True,chat,12,True,False,2,0
724.0,9,True,chat,12,False,False,2,0
835.0,9,True,chat,15,True,False,2,0
949.0,10,True,browser,5,True,False,2,0
1049.0,10,True,document,18,True,False,2,0
1175.0,10,True,terminal,10,True,False,2,0
1392.0,10,True,browser,29,True,False,1,1
115.0,10,True,browser,29,False,False,1,0
309.0,10,True,browser,7,False,False,1,0
456.0,10,True,document,18,True,False,1,0
604.0,10,True,ide,33,True,False,2,0
714.0,10,True,document,18,True,False,2,0
941.0,10,True,document,18,False,False,1,0
1099.0,10,True,ide,25,True,False,1,0
1130.0,10,True,chat,8,True,False,2,1
173.0,10,True,chat,8,True,False,2,0
394.0,10,True,chat,15,True,False,1,0
615.0,10,True,browser,5,True,False,1,0
815.0,10,True,document,18,True,False,1,0
1026.0,10,True,chat,8,True,False,1,0
1186.0,10,True,other,0,True,False,1,1
51.0,10,True,chat,8,True,False,2,0
291.0,10,True,chat,8,False,False,2,0
297.0,10,True,document,18,True,False,3,1
149.0,10,True,terminal,16,True,False,2,0
190.0,10,True,other,0,True,False,3,0
386.0,10,True,ide,16,True,False,2,1
112.0,10,True,chat,12,True,False,1,0
157.0,11,True,chat,15,True,False,2,0
346.0,11,True,document,18,True,False,2,0
577.0,11,True,document,18,False,False,1,0
622.0,11,True,ide,16,True,False,2,1
25.0,11,True,ide,33,False,False,2,0
199.0,11,True,chat,8,True,False,3,0
inf,9,True,terminal,16,True,True,0,0
inf,9,True,terminal,11,False,False,1,0
inf,9,True,terminal,10,False,False,2,0
inf,9,True,browser,29,True,True,2,1
198.0,9,True,chat,15,True,True,1,1
226.0,9,True,chat,15,False,False,1,0
343.0,9,True,document,18,True,True,1,0
461.0,9,True,browser,5,True,False,2,0
617.0,9,True,chat,8,True,True,2,0
751.0,9,True,ide,25,True,True,2,1
123.0,9,True,browser,5,True,False,2,1
19.0,9,True,chat,15,True,False,3,0
43.0,9,True,document,18,True,False,4,0
200.0,9,True,browser,7,True,False,3,0
353.0,9,True,other,0,True,True,1,0
590.0,9,True,ide,25,True,False,1,1
159.0,9,True,chat,12,True,True,1,1
20.0,9,True,chat,15,True,False,2,0
232.0,9,True,chat,15,False,False,2,0
366.0,9,True,document,18,True,False,1,1
68.0,9,True,terminal,16,True,False,2,0
207.0,9,True,chat,15,True,False,2,0
307.0,9,True,terminal,11,True,False,2,1
109.0,9,True,chat,8,True,False,2,0
316.0,9,True,document,18,True,False,1,0
405.0,9,True,document,18,False,False,2,0
583.0,9,True,browser,7,True,False,2,0
652.0,9,True,other,0,True,False,2,0
677.0,9,True,terminal,11,True,False,3,1
84.0,9,True,terminal,11,False,False,3,1
157.0,10,True,other,0,True,False,3,1
148.0,10,True,browser,5,True,False,1,0
361.0,10,True,other,0,True,False,1,1
184.0,10,True,terminal,10,True,False,1,0
360.0,10,True,browser,7,True,False,1,0
369.0,10,True,other,0,True,False,2,0
420.0,10,True,document,18,True,False,3,1
201.0,10,True,chat,12,True,False,3,0
263.0,10,True,chat,15,True,False,2,0
287.0,10,True,terminal,16,True,False,3,1
134.0,10,True,chat,8,True,False,3,0
225.0,10,True,ide,33,True,False,3,1
101.0,10,True,terminal,10,True,False,2,1
51.0,10,True,terminal,16,False,False,3,1
117.0,10,True,terminal,10,False,False,3,0
215.0,10,True,ide,25,True,False,3,1
161.0,10,True,chat,12,True,False,2,0
225.0,10,True,chat,8,True,False,2,0
437.0,10,True,chat,12,True,False,2,1
99.0,10,True,chat,15,True,False,1,0
300.0,10,True,chat,15,False,False,2,0
433.0,10,True,chat,8,True,False,1,0
647.0,10,True,other,0,True,False,1,0
687.0,10,True,chat,11,True,False,2,0
856.0,10,True,chat,8,True,False,2,0
1002.0,10,True,chat,15,True,False,1,0
1223.0,10,True,browser,7,True,False,1,0
1249.0,10,True,browser,5,False,False,2,0
1369.0,11,True,terminal,11,True,False,2,0
1397.0,11,True,terminal,11,False,False,3,1
inf,9,False,ide,25,True,True,0,1
66.0,9,False,browser,5,True,True,1,0
259.0,9,False,browser,7,False,False,2,0
275.0,9,False,document,18,True,True,3,1
213.0,9,False,document,18,False,False,2,0
336.0,9,False,terminal,10,True,True,1,0
548.0,9,False,chat,15,True,True,1,1
188.0,9,False,terminal,16,True,False,1,0
268.0,9,False,chat,15,True,False,2,0
475.0,9,False,chat,8,True,True,2,0
560.0,9,False,chat,8,False,False,2,0
773.0,9,False,chat,8,True,True,2,1
14.0,9,False,chat,15,True,False,2,0
110.0,9,False,chat,12,True,False,2,0
199.0,9,False,ide,33,True,False,3,0
408.0,9,False,chat,8,True,False,2,0
640.0,9,False,document,18,True,False,1,1
234.0,9,False,other,0,True,True,1,0
286.0,9,False,other,0,False,False,2,0
385.0,9,False,chat,15,True,False,2,0
576.0,9,False,chat,8,True,False,2,0
691.0,9,False,other,0,True,False,1,0
771.0,9,False,terminal,10,True,False,2,1
25.0,9,False,document,18,True,False,3,0
108.0,9,False,document,18,False,False,3,1
47.0,9,False,chat,15,True,False,4,0
166.0,9,False,chat,15,False,False,4,0
393.0,10,False,ide,33,True,False,1,1
75.0,10,False,document,18,True,False,1,0
251.0,10,False,ide,16,True,False,2,0
387.0,10,False,other,0,True,False,1,0
428.0,10,False,terminal,16,True,False,2,1
37.0,10,False,chat,15,True,False,3,0
241.0,10,False,browser,29,True,False,3,0
344.0,10,False,document,18,True,False,1,1
44.0,10,False,ide,33,True,False,2,0
144.0,10,False,chat,15,True,False,3,0
295.0,10,False,chat,15,False,False,3,0
393.0,10,False,terminal,10,True,False,2,1
171.0,10,False,other,0,True,False,2,0
205.0,10,False,chat,8,True,False,2,0
257.0,10,False,ide,33,True,False,3,1
238.0,10,False,chat,15,True,False,2,0
441.0,10,False,browser,5,True,False,1,1
59.0,10,False,chat,8,True,False,2,0
115.0,10,False,chat,8,False,False,2,0
338.0,10,False,browser,29,True,False,2,0
387.0,10,False,browser,5,False,False,2,0
599.0,10,False,chat,15,True,False,2,0
785.0,10,False,document,18,True,False,1,0
928.0,10,False,browser,7,True,False,1,0
1150.0,10,False,chat,8,True,False,1,0
1336.0,10,False,terminal,10,True,False,1,1
135.0,10,False,terminal,11,False,False,1,0
191.0,10,False,chat,8,True,False,2,0
398.0,11,False,terminal,16,True,False,2,0
495.0,11,False,chat,15,True,False,1,0
705.0,11,False,document,18,True,False,1,0
936.0,11,False,terminal,10,True,False,1,0
1020.0,11,False,browser,29,True,False,1,0
inf,9,False,chat,15,True,True,0,1
117.0,9,False,ide,16,True,True,1,1
123.0,9,False,other,0,True,True,2,0
283.0,9,False,chat,12,True,True,2,0
508.0,9,False,terminal,11,True,True,1,0
615.0,9,False,document,18,True,True,1,0
751.0,9,False,terminal,11,True,False,2,0
817.0,9,False,browser,5,True,True,2,0
890.0,9,False,chat,15,True,False,3,1
41.0,9,False,chat,15,False,False,3,0
120.0,9,False,browser,29,True,False,4,0
188.0,9,False,other,0,True,False,4,0
340.0,9,False,terminal,11,True,False,3,1
200.0,9,False,document,18,True,False,1,0
336.0,9,False,terminal,11,True,False,1,0
566.0,9,False,chat,15,True,False,1,0
576.0,9,False,chat,8,True,True,2,1
134.0,9,False,browser,5,True,False,2,0
194.0,9,False,chat,15,True,False,3,0
211.0,9,False,document,18,True,False,4,1
157.0,9,False,chat,8,True,False,3,1
142.0,9,False,chat,15,True,False,2,0
257.0,9,False,ide,16,True,False,2,1
191.0,9,False,terminal,11,True,False,1,0
289.0,9,False,document,18,True,False,2,0
307.0,9,False,ide,25,True,False,2,0
453.0,9,False,chat,12,True,False,3,1
103.0,9,False,chat,8,True,False,3,0
319.0,9,False,chat,15,True,False,1,0
348.0,9,False,browser,29,True,False,2,0
556.0,10,False,other,0,True,False,2,0
754.0,10,False,document,18,True,False,1,1
159.0,10,False,terminal,16,True,False,1,0
175.0,10,False,other,0,True,False,2,0
362.0,10,False,ide,16,True,False,2,1
137.0,10,False,document,18,True,False,1,0
297.0,10,False,chat,15,True,False,2,0
458.0,10,False,terminal,11,True,False,1,1
105.0,10,False,document,18,True,False,2,0
239.0,10,False,chat,8,True,False,2,0
365.0,10,False,chat,15,True,False,2,0
454.0,10,False,ide,25,True,False,2,0
608.0,10,False,browser,5,True,False,2,1
157.0,10,False,chat,8,True,False,1,0
329.0,10,False,chat,15,True,False,1,0
347.0,10,False,chat,11,True,False,2,1
139.0,10,False,chat,15,True,False,2,0
354.0,10,False,other,0,True,False,1,0
505.0,10,False,chat,8,True,False,1,0
514.0,10,False,browser,29,True,False,2,0
626.0,10,False,chat,15,True,False,3,0
807.0,10,False,terminal,11,True,False,2,1
133.0,10,False,chat,12,True,False,1,0
318.0,10,False,chat,15,True,False,1,1
58.0,10,False,terminal,10,True,False,2,0
197.0,10,False,document,18,True,False,2,0
246.0,10,False,other,0,True,False,3,1
144.0,11,False,chat,15,True,False,2,0
305.0,11,False,document,18,True,False,1,0
373.0,11,False,chat,15,True,False,2,1
inf,9,False,terminal,11,True,True,0,1
219.0,9,False,terminal,16,False,False,1,0
271.0,9,False,other,0,True,True,2,0
278.0,9,False,chat,8,True,True,3,0
368.0,9,False,chat,8,False,False,3,1
169.0,9,False,chat,8,False,False,3,0
391.0,9,False,chat,15,True,True,1,1
54.0,9,False,chat,15,False,False,2,0
100.0,9,False,browser,5,True,True,2,0
288.0,9,False,chat,15,True,False,3,1
193.0,9,False,terminal,16,True,False,1,0
343.0,9,False,document,18,True,True,1,1
161.0,9,False,chat,8,True,True,1,1
136.0,9,False,other,0,True,False,2,0
243.0,9,False,document,18,True,False,2,0
283.0,9,False,browser,29,True,False,3,1
68.0,9,False,chat,15,True,False,3,0
171.0,9,False,ide,25,True,True,3,1
197.0,9,False,chat,12,True,False,2,0
279.0,9,False,chat,8,True,False,2,0
451.0,9,False,ide,25,True,False,2,0
471.0,9,False,document,18,True,False,3,1
83.0,9,False,browser,5,True,False,3,0
263.0,9,False,terminal,11,True,False,3,1
168.0,9,False,chat,8,True,False,1,0
330.0,9,False,chat,8,False,False,1,0
369.0,9,False,chat,8,True,False,2,0
490.0,9,False,chat,15,True,False,2,0
674.0,10,False,document,18,True,False,1,0
874.0,10,False,chat,15,True,False,1,0
1072.0,10,False,chat,11,True,False,1,0
1191.0,10,False,browser,7,True,False,1,1
239.0,10,False,document,18,True,False,1,0
456.0,10,False,browser,29,True,False,1,0
598.0,10,False,chat,11,True,False,1,0
686.0,10,False,terminal,16,True,False,2,1
179.0,10,False,chat,15,True,False,2,0
333.0,10,False,chat,11,True,False,1,0
568.0,10,False,chat,15,True,False,1,0
689.0,10,False,chat,15,False,False,1,0
800.0,10,False,terminal,10,True,False,2,0
948.0,10,False,chat,15,True,False,2,0
1138.0,10,False,chat,15,False,False,1,0
1208.0,10,False,ide,25,True,False,2,0
1268.0,10,False,ide,33,False,False,2,0
1381.0,10,False,browser,29,True,False,3,0
1524.0,10,False,document,18,True,False,2,0
1649.0,10,False,ide,16,True,False,2,0
1758.0,10,False,ide,25,False,False,2,1
201.0,10,False,terminal,16,True,False,1,0
434.0,10,False,other,0,True,False,1,0
661.0,11,False,other,0,False,False,1,0
686.0,11,False,other,0,False,False,2,0
911.0,11,False,terminal,10,True,False,2,0
961.0,11,False,document,18,True,False,3,0
1152.0,11,False,other,0,True,False,2,0
1350.0,11,False,chat,8,True,False,1,0
1473.0,11,False,ide,25,True,False,1,0
1688.0,11,False,other,0,True,False,1,0
1810.0,11,False,chat,8,True,False,1,0
inf,9,False,terminal,11,True,True,0,0
inf,9,False,chat,8,True,True,1,0
inf,9,False,browser,5,True,True,1,0
inf,9,False,document,18,True,True,1,1
73.0,9,False,chat,8,True,True,2,1
228.0,9,False,other,0,True,True,1,1
210.0,9,False,browser,29,True,False,1,0
268.0,9,False,chat,12,True,False,2,0
505.0,9,False,document,18,True,False,2,0
558.0,9,False,ide,16,True,True,2,0
756.0,9,False,browser,7,True,False,2,0
939.0,9,False,chat,15,True,True,1,0
1178.0,9,False,chat,12,True,False,1,1
87.0,9,False,chat,11,False,False,1,0
211.0,9,False,chat,8,True,False,2,0
282.0,9,False,document,18,True,False,3,0
406.0,9,False,document,18,False,False,2,0
531.0,9,False,browser,7,True,False,2,1
99.0,9,False,document,18,True,False,2,0
115.0,9,False,document,18,False,False,3,0
157.0,9,False,chat,11,True,False,4,1
146.0,9,False,ide,25,True,False,3,0
190.0,9,False,other,0,True,False,4,0
253.0,9,False,chat,12,True,False,4,0
385.0,9,False,other,0,True,False,3,0
585.0,9,False,document,18,True,False,1,1
122.0,9,False,chat,15,True,False,1,0
330.0,10,False,terminal,10,True,False,1,0
370.0,10,False,document,18,True,False,2,0
609.0,10,False,chat,15,True,False,2,0
622.0,10,False,ide,33,True,False,3,0
639.0,10,False,browser,7,True,False,3,1
40.0,10,False,ide,25,True,False,3,0
226.0,10,False,chat,8,True,False,4,0
286.0,10,False,terminal,16,True,False,3,1
20.0,10,False,chat,15,True,False,3,0
29.0,10,False,chat,15,False,False,4,0
175.0,10,False,ide,33,True,False,4,0
184.0,10,False,other,0,True,False,5,1
9.0,10,False,chat,8,True,False,6,1
32.0,10,False,other,0,True,False,7,0
75.0,10,False,browser,7,True,False,7,0
238.0,10,False,chat,8,True,False,5,0
311.0,10,False,chat,8,True,False,3,1
100.0,10,False,other,0,True,False,2,0
249.0,10,False,other,0,False,False,2,1
62.0,10,False,chat,11,True,False,2,0
234.0,10,False,chat,8,True,False,2,0
342.0,10,False,ide,16,True,False,2,1
146.0,10,False,other,0,True,False,2,0
314.0,10,False,chat,15,True,False,1,1
48.0,10,False,ide,33,True,False,2,0
269.0,10,False,browser,5,True,False,2,0
418.0,10,False,other,0,True,False,1,0
658.0,10,False,browser,7,True,False,1,1
59.0,10,False,ide,16,True,False,2,0
75.0,10,False,chat,15,True,False,2,0
151.0,10,False,browser,7,True,False,3,0
373.0,10,False,ide,16,True,False,2,0
431.0,10,False,document,18,True,False,2,0
inf,9,False,chat,8,True,True,0,1
235.0,9,False,browser,7,True,True,1,1
138.0,9,False,chat,11,True,True,1,1
102.0,9,False,terminal,10,True,True,2,1
73.0,9,False,terminal,16,False,False,2,0
204.0,9,False,chat,8,True,False,2,0
251.0,9,False,terminal,16,True,False,3,0
363.0,9,False,other,0,True,True,3,0
568.0,9,False,chat,8,True,False,1,0
637.0,9,False,browser,5,True,False,2,0
802.0,9,False,chat,11,True,False,2,1
122.0,9,False,chat,15,True,True,2,1
82.0,9,False,browser,29,True,False,2,0
172.0,9,False,ide,25,True,True,3,1
117.0,9,False,other,0,True,False,3,0
330.0,9,False,document,18,True,True,1,1
87.0,9,False,terminal,11,True,False,2,0
172.0,9,False,chat,12,True,False,2,0
258.0,9,False,terminal,11,True,False,3,1
152.0,9,False,chat,8,True,False,2,0
253.0,9,False,chat,12,True,False,2,0
351.0,9,False,chat,8,True,False,2,1
56.0,9,False,browser,7,True,False,3,0
257.0,9,False,terminal,10,True,False,2,0
380.0,9,False,ide,33,True,False,1,0
589.0,9,False,chat,12,True,False,1,0
803.0,9,False,chat,8,True,False,1,0
843.0,9,False,other,0,True,False,2,0
912.0,9,False,chat,8,True,False,2,0
1025.0,10,False,terminal,10,True,False,3,1
119.0,10,False,other,0,True,False,2,0
260.0,10,False,chat,15,True,False,2,0
467.0,10,False,other,0,True,False,1,0
499.0,10,False,document,18,True,False,2,0
674.0,10,False,chat,11,True,False,2,0
844.0,10,False,document,18,True,False,1,0
1014.0,10,False,ide,33,True,False,1,0
1222.0,10,False,other,0,True,False,1,0
1229.0,10,False,other,0,False,False,2,0
1290.0,10,False,browser,5,True,False,3,0
1390.0,10,False,chat,12,True,False,3,1
202.0,10,False,other,0,True,False,1,0
213.0,10,False,terminal,11,True,False,2,0
293.0,10,False,chat,15,True,False,3,1
34.0,10,False,other,0,True,False,3,0
118.0,10,False,terminal,11,True,False,4,0
323.0,10,False,document,18,True,False,2,0
451.0,10,False,chat,11,True,False,1,0
480.0,10,False,document,18,True,False,2,0
566.0,10,False,chat,15,True,False,3,1
16.0,10,False,browser,5,True,False,4,0
238.0,10,False,browser,29,False,False,2,0
416.0,10,False,document,18,True,False,1,0
483.0,10,False,terminal,10,True,False,2,0
528.0,10,False,terminal,10,False,False,3,0
651.0,10,False,document,18,True,False,3,0
817.0,10,False,chat,12,True,False,2,0
985.0,10,False,terminal,16,True,False,1,1
12.0,10,False,other,0,True,False,2,0
168.0,10,False,chat,12,True,False,2,0
inf,9,True,chat,12,True,True,0,0
inf,9,True,chat,8,True,True,1,0
inf,9,True,chat,8,False,False,1,0
inf,9,True,chat,15,True,True,1,1
34.0,9,True,browser,7,True,True,2,1
143.0,9,True,chat,8,True,False,2,0
260.0,9,True,ide,33,True,True,3,0
291.0,9,True,chat,12,True,False,3,0
519.0,9,True,chat,12,False,False,2,0
591.0,9,True,ide,25,True,False,2,1
117.0,9,True,document,18,True,True,2,0
175.0,9,True,browser,29,True,False,3,1
47.0,9,True,document,18,True,False,4,1
213.0,9,True,terminal,16,True,True,2,0
363.0,9,True,chat,8,True,False,1,0
520.0,9,True,document,18,True,False,1,0
705.0,9,True,terminal,11,True,False,1,0
856.0,9,True,chat,8,True,False,1,0
895.0,9,True,chat,8,False,False,2,0
970.0,9,True,other,0,True,True,3,1
226.0,9,True,terminal,10,True,False,1,0
268.0,9,True,terminal,16,False,False,2,0
467.0,9,True,document,18,True,False,2,0
508.0,9,True,other,0,True,False,3,0
609.0,9,True,chat,8,True,False,2,1
167.0,9,True,chat,15,True,False,2,0
303.0,9,True,browser,5,True,False,1,0
424.0,9,True,chat,8,True,False,2,0
577.0,9,True,chat,15,True,False,2,0
605.0,9,True,ide,33,True,False,2,1
222.0,10,True,chat,15,True,False,2,0
328.0,10,True,browser,7,True,False,1,0
544.0,10,True,chat,12,True,False,1,0
617.0,10,True,chat,12,False,False,2,0
708.0,10,True,document,18,True,False,2,0
931.0,10,True,terminal,10,True,False,1,0
1164.0,10,True,chat,15,True,False,1,0
1194.0,10,True,ide,16,True,False,2,0
1230.0,10,True,chat,15,True,False,3,1
121.0,10,True,terminal,11,True,False,3,0
177.0,10,True,ide,25,True,False,4,1
82.0,10,True,terminal,10,True,False,4,1
28.0,10,True,terminal,11,False,False,4,1
26.0,10,True,document,18,True,False,4,0
44.0,10,True,document,18,False,False,5,0
234.0,10,True,other,0,True,False,4,0
406.0,10,True,chat,12,True,False,1,0
435.0,10,True,browser,7,True,False,2,1
127.0,10,True,ide,16,True,False,2,0
283.0,10,True,browser,29,True,False,2,0
462.0,10,True,chat,11,True,False,1,1
7.0,10,True,chat,15,True,False,2,0
232.0,10,True,document,18,True,False,2,1
127.0,10,True,other,0,True,False,1,0
230.0,10,True,browser,29,True,False,2,0
441.0,10,True,browser,7,False,False,1,0
526.0,10,True,browser,29,False,False,2,0
566.0,10,True,document,18,True,False,2,0
735.0,10,True,other,0,True,False,3,0
875.0,10,True,terminal,16,True,False,1,0
inf,9,True,other,0,True,True,0,0
inf,9,True,terminal,11,True,True,1,1
135.0,9,True,chat,8,True,True,2,0
277.0,9,True,chat,8,True,True,2,1
155.0,9,True,document,18,True,True,2,0
338.0,9,True,browser,5,True,True,1,1
19.0,9,True,other,0,True,False,2,0
135.0,9,True,chat,8,True,False,2,0
296.0,9,True,browser,5,True,False,3,1
175.0,9,True,ide,25,True,True,1,1
8.0,9,True,terminal,16,True,False,2,0
15.0,9,True,terminal,10,False,False,3,0
108.0,9,True,terminal,11,False,False,4,0
208.0,9,True,chat,8,True,False,4,0
412.0,9,True,terminal,10,True,False,1,0
614.0,9,True,chat,8,True,False,1,1
211.0,9,True,ide,25,True,False,1,0
350.0,9,True,other,0,True,False,1,0
537.0,9,True,browser,5,True,False,1,0
658.0,9,True,browser,5,False,False,1,0
790.0,9,True,document,18,True,False,2,0
835.0,9,True,terminal,11,True,False,3,0
1068.0,9,True,chat,8,True,False,2,1
194.0,9,True,browser,29,True,False,1,0
418.0,9,True,ide,16,True,False,1,0
434.0,9,True,ide,16,False,False,2,0
537.0,9,True,chat,15,True,True,2,1
224.0,9,True,terminal,16,True,False,1,0
434.0,10,True,ide,33,True,False,1,0
521.0,10,True,other,0,True,False,2,1
239.0,10,True,chat,12,True,False,1,0
455.0,10,True,document,18,True,False,1,0
555.0,10,True,browser,7,True,False,1,0
732.0,10,True,browser,7,False,False,2,0
794.0,10,True,ide,16,True,False,2,1
22.0,10,True,ide,25,False,False,3,1
203.0,10,True,chat,15,True,False,3,0
230.0,10,True,chat,8,True,False,3,1
99.0,10,True,chat,15,True,False,2,0
248.0,10,True,chat,12,True,False,3,0
371.0,10,True,chat,8,True,False,2,0
573.0,10,True,document,18,True,False,1,1
235.0,10,True,chat,11,True,False,1,0
241.0,10,True,chat,8,False,False,2,0
305.0,10,True,other,0,True,False,2,0
395.0,10,True,document,18,True,False,3,1
101.0,10,True,ide,33,True,False,4,0
158.0,10,True,chat,8,True,False,3,0
288.0,10,True,chat,12,True,False,3,1
187.0,10,True,ide,16,True,False,1,0
203.0,10,True,chat,8,True,False,2,0
313.0,10,True,chat,11,True,False,2,0
509.0,10,True,document,18,True,False,1,0
538.0,10,True,browser,7,True,False,2,1
214.0,10,True,terminal,10,True,False,2,0
370.0,10,True,other,0,True,False,1,0
544.0,11,True,ide,25,True,False,1,1
79.0,11,True,terminal,16,True,False,2,0
289.0,11,True,chat,8,True,False,2,0
375.0,11,True,other,0,True,False,2,0
inf,9,False,other,0,True,True,0,1
179.0,9,False,ide,25,True,True,1,0
274.0,9,False,other,0,True,False,2,0
349.0,9,False,chat,8,True,True,2,1
231.0,9,False,chat,8,True,True,1,0
393.0,9,False,terminal,16,True,True,1,0
473.0,9,False,chat,11,True,False,2,0
703.0,9,False,chat,15,True,True,1,0
730.0,9,False,chat,15,False,False,2,0
770.0,9,False,chat,8,True,False,3,1
169.0,9,False,other,0,True,False,3,0
379.0,9,False,chat,11,True,False,1,1
205.0,9,False,ide,25,True,False,1,1
144.0,9,False,document,18,True,True,1,1
238.0,9,False,chat,15,True,False,1,0
312.0,9,False,document,18,True,False,1,0
398.0,9,False,terminal,16,True,False,2,0
632.0,9,False,chat,8,True,False,1,1
212.0,9,False,chat,8,True,False,1,0
413.0,9,False,chat,15,True,False,1,0
443.0,9,False,chat,8,True,False,2,0
509.0,9,False,chat,11,False,False,3,1
200.0,9,False,chat,8,True,False,3,0
421.0,9,False,chat,11,True,False,1,0
640.0,10,False,other,0,True,False,1,0
705.0,10,False,terminal,16,True,False,2,0
943.0,10,False,document,18,True,False,1,0
1127.0,10,False,ide,33,True,False,1,0
1276.0,10,False,document,18,True,False,1,0
1419.0,10,False,chat,12,True,False,2,1
130.0,10,False,chat,8,True,False,2,0
149.0,10,False,ide,16,True,False,3,0
210.0,10,False,chat,11,True,False,3,0
337.0,10,False,ide,33,True,False,3,1
239.0,10,False,ide,25,False,False,1,0
331.0,10,False,chat,8,True,False,1,0
351.0,10,False,terminal,11,True,False,2,0
506.0,10,False,ide,16,True,False,3,1
221.0,10,False,terminal,16,True,False,1,1
100.0,10,False,document,18,True,False,1,0
191.0,10,False,other,0,True,False,2,0
230.0,10,False,chat,8,True,False,3,0
346.0,10,False,terminal,10,True,False,3,1
49.0,10,False,chat,15,True,False,4,1
175.0,10,False,document,18,True,False,2,0
258.0,10,False,terminal,11,True,False,2,0
308.0,10,False,chat,8,True,False,2,0
459.0,10,False,ide,33,True,False,3,1
51.0,10,False,other,0,True,False,3,1
168.0,10,False,document,18,True,False,2,0
209.0,10,False,browser,5,True,True,3,0
274.0,10,False,document,18,True,False,3,0
321.0,10,False,document,18,False,False,3,0
497.0,10,False,browser,7,True,False,3,1
7.0,10,False,document,18,True,False,4,0
75.0,10,False,chat,8,True,False,4,0
145.0,10,False,browser,5,True,False,3,0
150.0,10,False,browser,7,False,False,4,1
117.0,11,False,ide,25,True,False,5,0
348.0,11,False,other,0,True,False,1,0
inf,9,False,document,18,True,True,0,0
inf,9,False,terminal,11,True,True,1,1
124.0,9,False,chat,8,True,True,2,1
219.0,9,False,chat,8,False,False,1,0
262.0,9,False,chat,8,False,False,2,0
438.0,9,False,browser,29,True,True,2,0
636.0,9,False,document,18,True,False,1,0
656.0,9,False,chat,11,True,True,2,0
798.0,9,False,other,0,True,True,2,0
924.0,9,False,chat,15,True,True,3,1
106.0,9,False,chat,8,True,False,2,0
257.0,9,False,ide,33,True,True,2,0
455.0,9,False,terminal,16,True,False,1,0
502.0,9,False,chat,15,True,False,2,0
539.0,9,False,chat,8,True,False,3,1
25.0,9,False,ide,25,True,False,3,0
240.0,9,False,other,0,True,False,3,0
311.0,9,False,terminal,10,True,False,2,0
338.0,9,False,document,18,True,False,2,1
146.0,9,False,other,0,True,False,3,0
284.0,9,False,document,18,True,False,2,0
490.0,9,False,chat,15,True,False,1,0
601.0,9,False,other,0,True,False,1,0
751.0,9,False,terminal,16,True,False,2,0
900.0,9,False,browser,29,True,False,2,0
1127.0,9,False,browser,5,False,False,1,0
1199.0,9,False,document,18,True,False,2,0
1350.0,9,False,other,0,True,False,2,0
1399.0,9,False,chat,15,True,False,3,1
41.0,9,False,chat,8,True,False,3,1
106.0,9,False,other,0,True,False,3,1
17.0,10,False,document,18,True,False,4,0
251.0,10,False,chat,15,True,False,2,0
342.0,10,False,document,18,True,False,1,0
418.0,10,False,chat,8,True,False,2,1
227.0,10,False,chat,15,True,False,1,0
308.0,10,False,chat,8,True,False,1,0
381.0,10,False,chat,15,True,False,2,1
53.0,10,False,other,0,True,False,3,0
291.0,10,False,chat,15,True,False,2,0
490.0,10,False,other,0,True,False,1,0
626.0,10,False,document,18,True,False,1,0
710.0,10,False,terminal,16,True,False,2,1
204.0,10,False,other,0,True,False,2,1
54.0,10,False,ide,16,True,False,2,0
122.0,10,False,chat,8,True,False,2,0
139.0,10,False,ide,25,True,False,3,0
214.0,10,False,document,18,True,False,4,0
348.0,10,False,document,18,False,False,4,0
527.0,10,False,other,0,True,False,1,0
627.0,10,False,ide,16,True,False,2,0
677.0,10,False,chat,15,True,False,2,0
770.0,10,False,chat,15,False,False,3,1
196.0,10,False,terminal,11,True,False,2,0
208.0,10,False,browser,5,True,False,2,0
254.0,10,False,other,0,True,False,3,0
424.0,10,False,chat,8,True,False,3,1
57.0,10,False,chat,11,False,False,4,0
193.0,10,False,chat,8,True,False,2,0
200.0,10,False,ide,33,True,False,3,1
inf,9,False,terminal,10,True,True,0,1
29.0,9,False,terminal,11,False,False,1,0
223.0,9,False,chat,15,True,True,2,1
179.0,9,False,chat,8,True,True,1,0
240.0,9,False,document,18,True,True,2,0
435.0,9,False,document,18,False,False,2,1
206.0,9,False,chat,8,True,False,1,0
277.0,9,False,document,18,True,False,2,0
499.0,9,False,chat,8,True,False,2,0
517.0,9,False,browser,5,True,True,2,0
749.0,9,False,browser,5,False,False,2,0
784.0,9,False,chat,11,True,True,3,1
110.0,9,False,other,0,True,True,2,0
150.0,9,False,ide,16,True,True,3,0
259.0,9,False,chat,12,True,False,4,1
85.0,9,False,chat,15,True,False,3,1
129.0,9,False,terminal,16,True,False,2,0
214.0,9,False,document,18,True,False,3,0
334.0,9,False,ide,16,True,False,2,1
199.0,9,False,chat,8,True,False,1,0
399.0,9,False,terminal,10,True,False,1,1
206.0,9,False,terminal,11,False,False,1,0
368.0,9,False,browser,29,True,False,1,1
108.0,9,False,other,0,True,False,2,0
211.0,9,False,other,0,False,False,2,0
352.0,9,False,ide,16,True,False,2,0
452.0,9,False,chat,11,True,False,2,0
650.0,10,False,ide,25,True,False,2,1
178.0,10,False,chat,8,True,False,1,0
370.0,10,False,ide,33,True,False,1,1
182.0,10,False,chat,8,True,False,1,0
220.0,10,False,document,18,True,False,2,0
353.0,10,False,browser,5,True,False,2,1
21.0,10,False,chat,8,True,False,3,0
100.0,10,False,ide,25,True,False,4,1
116.0,10,False,chat,15,True,False,3,0
351.0,10,False,terminal,11,True,False,1,0
548.0,10,False,chat,15,True,False,1,1
237.0,10,False,chat,8,True,False,1,0
300.0,10,False,other,0,True,False,2,0
338.0,10,False,chat,11,True,False,2,0
348.0,10,False,chat,11,False,False,3,0
446.0,10,False,terminal,16,True,False,4,1
229.0,10,False,ide,25,True,False,1,0
386.0,10,False,chat,8,True,False,1,0
418.0,10,False,ide,33,True,False,2,0
599.0,10,False,ide,16,False,False,2,0
717.0,10,False,browser,5,True,False,2,0
862.0,10,False,other,0,True,False,2,1
184.0,10,False,chat,8,True,False,1,0
366.0,10,False,terminal,16,True,False,1,1
112.0,10,False,ide,25,True,False,2,0
250.0,10,False,browser,7,True,False,2,0
362.0,10,False,chat,8,True,False,2,0
551.0,11,False,browser,7,True,False,1,0
585.0,11,False,browser,5,False,False,2,0
640.0,11,False,browser,5,False,False,3,0
857.0,11,False,chat,12,True,False,2,1
185.0,11,False,chat,12,False,False,1,0
231.0,11,False,other,0,True,False,2,0
inf,9,False,ide,33,True,True,0,1
240.0,9,False,terminal,11,True,True,1,0
472.0,9,False,chat,15,True,True,1,1
16.0,9,False,other,0,True,True,2,0
188.0,9,False,browser,5,True,True,2,1
185.0,9,False,document,18,True,True,1,1
228.0,9,False,chat,11,True,True,1,1
115.0,9,False,document,18,True,False,1,0
208.0,9,False,chat,12,True,False,2,0
427.0,9,False,other,0,True,False,1,0
596.0,9,False,ide,16,True,False,1,0
818.0,9,False,terminal,10,True,False,1,1
227.0,9,False,chat,15,True,False,1,0
424.0,9,False,terminal,16,True,False,1,1
66.0,9,False,chat,15,True,False,2,0
83.0,9,False,document,18,True,False,3,0
252.0,9,False,chat,11,True,False,3,0
466.0,9,False,other,0,True,False,1,0
588.0,9,False,chat,8,True,False,1,0
615.0,9,False,chat,15,True,False,2,0
700.0,9,False,chat,15,False,False,3,0
895.0,9,False,browser,5,True,False,2,0
1003.0,9,False,ide,16,True,False,1,1
147.0,10,False,other,0,True,False,2,0
354.0,10,False,ide,16,True,False,1,0
526.0,10,False,chat,8,True,True,1,1
98.0,10,False,chat,15,True,False,2,0
319.0,10,False,ide,16,True,False,1,0
467.0,10,False,chat,15,True,False,1,0
655.0,10,False,chat,15,False,False,1,0
684.0,10,False,chat,15,False,False,2,1
92.0,10,False,chat,8,True,False,2,0
237.0,10,False,document,18,True,False,3,0
253.0,10,False,document,18,False,False,4,0
293.0,10,False,terminal,11,True,False,4,0
363.0,10,False,other,0,True,False,4,0
398.0,10,False,chat,8,True,False,4,0
520.0,10,False,other,0,True,False,5,0
611.0,10,False,chat,11,True,False,3,0
627.0,10,False,browser,5,True,False,4,0
749.0,10,False,browser,5,False,False,3,0
755.0,10,False,terminal,11,True,False,4,0
870.0,10,False,ide,33,True,False,4,0
1052.0,10,False,chat,15,True,False,2,0
1265.0,10,False,terminal,10,True,False,1,1
104.0,10,False,terminal,16,False,False,1,0
216.0,10,False,document,18,True,False,2,0
322.0,10,False,chat,12,True,False,2,1
120.0,10,False,document,18,True,False,2,0
230.0,10,False,terminal,16,True,False,2,0
417.0,10,False,chat,8,True,False,2,0
475.0,10,False,chat,8,True,False,2,0
715.0,10,False,chat,8,True,False,2,0
886.0,11,False,terminal,10,True,False,1,1
143.0,11,False,terminal,10,False,False,1,0
342.0,11,False,document,18,True,False,1,0
496.0,11,False,document,18,False,False,1,0
725.0,11,False,other,0,True,False,1,0
863.0,11,False,other,0,False,False,1,0
965.0,11,False,browser,29,True,False,2,1
inf,9,False,document,18,True,True,0,1
207.0,9,False,chat,8,True,True,1,1
205.0,9,False,document,18,True,False,1,0
257.0,9,False,document,18,False,False,2,0
302.0,9,False,browser,7,True,True,2,0
330.0,9,False,other,0,True,True,3,1
231.0,9,False,document,18,True,False,2,0
320.0,9,False,chat,11,True,True,1,0
400.0,9,False,document,18,True,False,2,1
140.0,9,False,chat,11,True,False,2,0
174.0,9,False,chat,15,True,True,3,0
240.0,9,False,document,18,True,False,3,0
419.0,9,False,chat,8,True,False,3,1
239.0,9,False,document,18,True,False,1,0
309.0,9,False,browser,5,True,False,1,0
547.0,9,False,chat,8,True,False,1,0
676.0,9,False,document,18,True,False,1,0
910.0,9,False,ide,25,True,True,1,1
136.0,9,False,chat,12,True,False,1,0
183.0,9,False,browser,29,True,False,2,0
204.0,9,False,ide,33,True,False,3,1
166.0,9,False,chat,11,True,False,3,0
279.0,9,False,chat,11,False,False,3,0
421.0,9,False,browser,29,True,False,2,0
617.0,9,False,other,0,True,False,1,0
739.0,9,False,terminal,16,True,True,1,1
27.0,9,False,document,18,True,False,2,0
77.0,9,False,browser,29,True,False,3,1
152.0,10,False,chat,8,True,False,3,1
109.0,10,False,chat,12,True,False,2,0
275.0,10,False,other,0,True,False,2,0
360.0,10,False,other,0,False,False,2,0
537.0,10,False,ide,25,True,False,2,0
543.0,10,False,browser,7,True,False,3,0
697.0,10,False,browser,7,False,False,2,0
919.0,10,False,ide,33,True,False,1,0
1052.0,10,False,browser,5,True,False,1,0
1258.0,10,False,browser,5,False,False,1,0
1335.0,10,False,chat,8,True,False,2,0
1441.0,10,False,chat,15,True,False,2,0
1486.0,10,False,ide,25,True,False,3,0
1682.0,10,False,chat,8,True,False,2,0
1849.0,10,False,other,0,True,False,1,1
178.0,10,False,terminal,11,True,False,1,0
324.0,10,False,document,18,True,False,1,0
339.0,10,False,terminal,16,True,False,2,0
496.0,10,False,ide,33,True,False,2,0
579.0,10,False,other,0,True,False,3,1
194.0,10,False,chat,11,True,False,2,0
304.0,10,False,document,18,True,False,1,0
356.0,10,False,terminal,16,True,False,2,0
574.0,10,False,chat,11,True,False,2,0
608.0,10,False,chat,8,True,False,2,1
209.0,10,False,terminal,10,True,False,2,0
332.0,10,False,ide,33,True,False,1,1
176.0,10,False,browser,5,True,False,2,0
206.0,11,False,browser,5,False,False,2,1
153.0,11,False,chat,11,True,False,2,0
249.0,11,False,chat,15,True,False,3,0
421.0,11,False,terminal,10,True,False,2,0
inf,9,True,terminal,10,True,True,0,0
inf,9,True,chat,15,True,True,1,0
inf,9,True,terminal,10,True,False,2,1
15.0,9,True,chat,15,True,False,3,1
64.0,9,True,chat,12,True,True,3,0
163.0,9,True,browser,5,True,True,3,0
339.0,9,True,chat,8,True,False,2,0
576.0,9,True,chat,11,False,False,1,0
701.0,9,True,document,18,True,True,1,1
15.0,9,True,chat,15,True,False,2,0
200.0,9,True,document,18,True,False,2,0
353.0,9,True,chat,8,True,True,1,0
525.0,9,True,terminal,11,True,False,1,0
680.0,9,True,other,0,True,True,1,1
69.0,9,True,browser,7,True,False,2,0
206.0,9,True,other,0,True,False,2,0
420.0,9,True,other,0,False,False,1,0
627.0,9,True,document,18,True,False,1,0
760.0,9,True,chat,15,True,False,1,0
807.0,9,True,terminal,11,True,False,2,0
943.0,9,True,chat,8,True,False,2,0
986.0,9,True,chat,8,True,False,3,0
1083.0,9,True,terminal,16,True,False,3,1
63.0,9,True,browser,7,True,False,3,1
189.0,9,True,other,0,True,False,2,0
366.0,9,True,browser,5,True,False,1,0
424.0,9,True,chat,15,True,False,2,0
642.0,9,True,terminal,10,True,False,2,0
709.0,9,True,other,0,True,False,2,0
860.0,10,True,ide,16,True,True,2,0
1026.0,10,True,terminal,16,True,False,1,0
1068.0,10,True,ide,33,True,False,2,0
1139.0,10,True,ide,16,False,False,3,1
108.0,10,True,terminal,10,True,False,3,1
191.0,10,True,ide,33,True,False,2,0
251.0,10,True,chat,8,True,False,2,0
478.0,10,True,chat,15,True,False,2,0
539.0,10,True,chat,15,False,False,2,0
747.0,10,True,other,0,True,False,2,0
920.0,10,True,terminal,10,True,False,1,1
190.0,10,True,chat,8,True,False,1,0
347.0,10,True,document,18,True,False,1,1
101.0,10,True,browser,29,True,False,2,0
133.0,10,True,other,0,True,False,3,1
138.0,10,True,ide,16,True,False,3,0
298.0,10,True,other,0,True,False,2,0
424.0,10,True,browser,29,True,False,2,1
133.0,10,True,ide,33,True,False,2,0
261.0,10,True,browser,29,True,False,2,0
404.0,10,True,terminal,10,True,False,2,1
171.0,10,True,ide,33,True,False,1,0
270.0,10,True,other,0,True,False,2,0
410.0,10,True,ide,33,True,False,2,0
620.0,10,True,other,0,True,False,1,0
714.0,10,True,chat,15,True,False,1,0
753.0,10,True,browser,5,True,False,2,0
954.0,11,True,chat,8,True,False,2,0
1031.0,11,True,chat,8,True,False,2,0
1084.0,11,True,other,0,True,False,2,0
1279.0,11,True,ide,33,True,False,2,0
inf,9,True,chat,11,True,True,0,0
inf,9,True,chat,8,True,True,1,0
inf,9,True,chat,11,True,False,2,0
inf,9,True,ide,25,True,True,3,1
27.0,9,True,ide,16,False,False,4,0
122.0,9,True,chat,8,True,False,5,0
277.0,9,True,other,0,True,True,3,0
285.0,9,True,chat,11,True,False,4,1
145.0,9,True,browser,29,True,True,2,0
238.0,9,True,chat,8,True,False,3,0
398.0,9,True,chat,8,False,False,2,0
506.0,9,True,chat,12,True,False,2,1
49.0,9,True,ide,25,True,False,2,0
197.0,9,True,other,0,True,False,2,0
277.0,9,True,browser,7,True,False,3,0
487.0,9,True,document,18,True,True,2,0
669.0,9,True,chat,8,True,False,1,0
818.0,9,True,chat,15,True,True,1,1
198.0,9,True,chat,15,False,False,1,0
377.0,9,True,document,18,True,False,1,0
505.0,9,True,chat,15,True,False,1,0
527.0,9,True,browser,5,True,False,2,1
178.0,9,True,other,0,True,False,2,0
288.0,9,True,chat,12,True,False,2,0
472.0,9,True,document,18,True,False,2,0
550.0,9,True,chat,8,True,False,2,0
727.0,9,True,browser,5,True,False,2,0
873.0,9,True,document,18,True,False,1,1
85.0,9,True,terminal,11,True,True,2,0
318.0,10,True,document,18,True,False,1,0
514.0,10,True,chat,8,True,False,1,0
707.0,10,True,chat,12,True,False,1,0
900.0,10,True,chat,8,False,False,1,0
957.0,10,True,chat,12,False,False,2,0
1175.0,10,True,chat,8,False,False,2,0
1271.0,10,True,chat,11,False,False,1,0
1306.0,10,True,terminal,16,True,False,2,0
1480.0,10,True,browser,7,True,False,2,0
1680.0,10,True,chat,15,True,False,1,0
1780.0,10,True,ide,25,True,False,2,0
2014.0,10,True,document,18,True,False,1,0
2065.0,10,True,chat,8,True,False,2,0
2126.0,10,True,chat,8,False,False,2,0
2265.0,10,True,terminal,16,True,False,3,1
143.0,10,True,other,0,True,False,2,0
236.0,10,True,ide,33,True,False,2,0
358.0,10,True,other,0,True,False,2,0
495.0,10,True,browser,7,True,False,2,1
181.0,10,True,chat,15,True,False,1,0
358.0,10,True,ide,16,True,False,1,0
511.0,10,True,chat,12,True,False,1,0
608.0,10,True,browser,5,True,False,2,0
753.0,10,True,chat,8,True,False,2,0
826.0,10,True,chat,8,False,False,2,0
924.0,10,True,chat,15,True,False,2,0
1037.0,10,True,terminal,11,True,False,3,0
1221.0,11,True,chat,12,True,False,2,0
1444.0,11,True,document,18,True,False,1,0
1564.0,11,True,other,0,True,False,1,1
38.0,11,True,terminal,10,True,False,2,0
inf,9,False,document,18,True,True,0,0
inf,9,False,chat,8,True,True,1,1
232.0,9,False,other,0,True,True,1,0
428.0,9,False,chat,15,True,True,1,1
47.0,9,False,chat,15,False,False,2,0
84.0,9,False,terminal,16,True,True,3,1
69.0,9,False,chat,11,True,True,3,0
116.0,9,False,browser,29,True,True,4,1
29.0,9,False,other,0,True,False,5,0
174.0,9,False,browser,5,True,False,4,0
376.0,9,False,ide,16,True,True,1,0
407.0,9,False,other,0,True,False,2,1
26.0,9,False,chat,8,True,False,3,0
89.0,9,False,other,0,True,False,3,0
166.0,9,False,chat,11,True,False,4,0
204.0,9,False,chat,15,True,False,5,1
13.0,9,False,terminal,16,True,False,6,0
239.0,9,False,document,18,True,False,3,1
227.0,9,False,chat,15,True,False,1,0
266.0,9,False,chat,8,True,False,2,0
423.0,9,False,terminal,10,True,False,2,0
562.0,9,False,chat,15,True,False,2,0
690.0,9,False,chat,8,True,False,2,0
808.0,9,False,chat,8,True,False,2,0
918.0,9,False,chat,8,True,False,2,1
82.0,9,False,chat,8,False,False,2,0
220.0,9,False,ide,16,True,False,2,0
298.0,9,False,terminal,11,True,False,3,1
181.0,9,False,chat,15,True,False,2,0
262.0,9,False,chat,15,False,False,2,0
471.0,9,False,ide,25,True,False,2,0
679.0,10,False,chat,8,True,False,1,0
779.0,10,False,ide,33,True,False,1,0
1009.0,10,False,chat,12,True,False,1,1
68.0,10,False,other,0,True,False,2,0
261.0,10,False,terminal,10,True,False,2,0
322.0,10,False,other,0,True,False,2,0
435.0,10,False,chat,8,True,False,2,0
635.0,10,False,chat,11,True,False,1,0
806.0,10,False,chat,8,True,False,1,0
859.0,10,False,chat,8,False,False,2,0
898.0,10,False,browser,29,True,False,3,1
168.0,10,False,chat,8,True,False,3,0
242.0,10,False,chat,15,True,False,3,1
87.0,10,False,chat,15,False,False,2,0
104.0,10,False,ide,16,True,False,3,1
31.0,10,False,ide,16,False,False,4,0
68.0,10,False,chat,8,True,False,5,1
64.0,10,False,chat,15,True,False,5,0
72.0,10,False,browser,29,True,False,6,0
164.0,10,False,chat,15,True,False,6,1
206.0,10,False,other,0,True,False,2,0
329.0,10,False,chat,15,True,False,1,0
354.0,10,False,ide,25,True,False,2,1
73.0,10,False,terminal,16,True,False,3,1
144.0,10,False,other,0,True,False,3,0
198.0,10,False,chat,15,True,False,4,1
217.0,10,False,chat,8,True,False,2,1
201.0,10,False,ide,16,True,False,1,0
403.0,10,False,chat,12,True,False,1,0
inf,9,False,chat,15,True,True,0,1
94.0,9,False,terminal,10,True,True,1,1
75.0,9,False,document,18,True,True,2,0
215.0,9,False,terminal,16,True,False,2,0
295.0,9,False,terminal,11,False,False,3,0
416.0,9,False,chat,8,True,True,2,0
550.0,9,False,ide,33,True,True,2,0
781.0,9,False,other,0,True,True,1,1
224.0,9,False,ide,33,True,False,1,0
311.0,9,False,document,18,True,False,1,1
142.0,9,False,browser,7,True,True,2,0
281.0,9,False,other,0,True,False,2,0
442.0,9,False,chat,15,True,False,2,0
551.0,9,False,chat,8,True,False,2,0
580.0,9,False,document,18,True,False,3,1
218.0,9,False,browser,29,True,False,2,0
446.0,9,False,terminal,16,True,False,1,0
478.0,9,False,ide,16,True,False,2,0
508.0,9,False,chat,15,True,False,3,1
169.0,9,False,ide,33,True,False,3,0
308.0,9,False,other,0,True,False,1,0
406.0,9,False,chat,8,True,False,2,0
594.0,9,False,chat,11,True,True,2,0
834.0,9,False,browser,29,True,False,1,0
964.0,9,False,chat,11,True,False,1,0
1174.0,9,False,browser,5,True,False,1,1
147.0,10,False,ide,25,True,False,1,0
355.0,10,False,other,0,True,False,1,0
428.0,10,False,ide,33,True,False,2,0
451.0,10,False,ide,33,False,False,2,0
511.0,10,False,chat,8,True,False,3,0
701.0,10,False,browser,29,True,False,3,1
103.0,10,False,chat,11,True,False,2,0
242.0,10,False,chat,8,False,False,2,0
407.0,10,False,chat,11,False,False,1,0
603.0,10,False,terminal,10,True,False,1,0
804.0,10,False,other,0,True,False,1,0
988.0,10,False,document,18,True,False,1,1
47.0,10,False,other,0,True,False,2,0
154.0,10,False,terminal,10,True,False,2,0
295.0,10,False,document,18,True,False,3,1
236.0,10,False,chat,15,True,False,1,0
457.0,10,False,document,18,True,False,1,0
657.0,10,False,document,18,False,False,1,0
817.0,10,False,other,0,True,False,1,0
961.0,10,False,chat,11,True,False,1,0
1162.0,10,False,chat,12,False,False,1,0
1282.0,10,False,chat,8,True,False,1,0
1287.0,10,False,chat,15,True,False,2,0
1444.0,10,False,ide,25,True,False,3,0
1483.0,10,False,ide,33,False,False,3,0
1564.0,10,False,chat,8,True,False,4,1
224.0,11,False,chat,8,True,False,1,0
426.0,11,False,document,18,True,False,1,0
455.0,11,False,chat,8,True,False,2,0
551.0,11,False,ide,25,True,False,2,0
623.0,11,False,terminal,16,True,False,3,1
64.0,11,False,document,18,True,False,4,1
28.0,11,False,chat,8,True,False,5,1
192.0,11,False,other,0,True,False,3,0
inf,9,False,browser,29,True,True,0,0
inf,9,False,other,0,True,True,1,0
inf,9,False,document,18,True,True,2,1
202.0,9,False,document,18,False,False,2,0
296.0,9,False,chat,8,True,True,2,1
117.0,9,False,chat,15,True,True,2,0
173.0,9,False,ide,16,True,True,3,1
198.0,9,False,document,18,True,False,2,0
392.0,9,False,browser,29,True,False,1,0
555.0,9,False,ide,16,True,False,1,0
563.0,9,False,terminal,11,True,True,2,0
646.0,9,False,document,18,True,False,3,0
656.0,9,False,chat,15,True,False,4,1
194.0,9,False,document,18,True,False,4,0
338.0,9,False,chat,8,True,True,1,0
502.0,9,False,chat,8,True,False,1,0
685.0,9,False,terminal,10,True,False,1,0
839.0,9,False,ide,25,True,False,1,0
887.0,9,False,ide,25,False,False,2,0
943.0,9,False,ide,25,False,False,3,1
124.0,9,False,chat,8,True,False,3,0
228.0,9,False,ide,16,True,False,3,1
226.0,9,False,chat,8,True,False,1,0
305.0,9,False,browser,29,True,False,1,0
407.0,9,False,other,0,True,False,2,0
536.0,9,False,browser,5,True,False,2,0
591.0,9,False,browser,29,False,False,3,0
606.0,9,False,chat,15,True,False,3,0
689.0,9,False,chat,11,True,False,4,0
794.0,9,False,document,18,True,False,4,0
887.0,9,False,terminal,16,True,False,4,0
1052.0,10,False,document,18,True,False,2,0
1185.0,10,False,chat,8,True,False,2,0
1350.0,10,False,chat,8,False,False,2,0
1582.0,10,False,chat,8,False,False,1,1
76.0,10,False,ide,33,True,False,1,0
168.0,10,False,chat,8,True,False,2,0
195.0,10,False,other,0,True,False,3,0
306.0,10,False,other,0,False,False,3,0
350.0,10,False,chat,11,True,False,4,0
587.0,10,False,other,0,True,False,2,0
730.0,10,False,document,18,True,False,1,0
902.0,10,False,terminal,16,True,False,1,1
143.0,10,False,terminal,10,False,False,1,0
227.0,10,False,chat,8,True,False,2,0
464.0,10,False,terminal,11,True,False,1,0
613.0,10,False,terminal,10,False,False,1,0
635.0,10,False,terminal,11,False,False,2,0
721.0,10,False,browser,29,True,False,3,1
12.0,10,False,terminal,10,True,False,4,0
122.0,10,False,document,18,True,False,4,1
195.0,10,False,chat,8,True,False,1,0
399.0,10,False,chat,8,False,False,1,0
437.0,10,False,chat,8,True,False,2,0
637.0,10,False,terminal,16,True,False,2,0
794.0,10,False,chat,8,True,False,1,0
974.0,10,False,chat,8,True,False,1,1
25.0,10,False,ide,25,True,False,2,0
158.0,10,False,chat,15,True,False,2,0
210.0,10,False,chat,15,False,False,3,0
inf,9,False,terminal,11,True,True,0,1
11.0,9,False,document,18,True,True,1,0
167.0,9,False,terminal,11,True,False,2,1
28.0,9,False,chat,12,True,True,3,1
182.0,9,False,chat,8,True,True,2,1
192.0,9,False,terminal,10,True,False,1,0
226.0,9,False,browser,29,True,True,2,0
252.0,9,False,chat,15,True,True,3,0
353.0,9,False,other,0,True,True,3,1
201.0,9,False,other,0,False,False,1,0
350.0,9,False,terminal,11,True,False,1,0
577.0,9,False,terminal,16,False,False,1,1
201.0,9,False,terminal,16,False,False,1,0
284.0,9,False,ide,25,True,True,2,0
362.0,9,False,chat,8,True,False,2,0
597.0,9,False,terminal,16,True,False,1,0
602.0,9,False,terminal,16,False,False,2,1
122.0,9,False,chat,8,True,False,2,0
266.0,9,False,chat,15,True,False,3,1
230.0,9,False,ide,33,True,False,1,0
290.0,9,False,chat,15,True,False,2,0
399.0,9,False,chat,15,False,False,2,0
557.0,9,False,chat,15,False,False,2,0
787.0,9,False,ide,16,True,False,1,0
804.0,9,False,chat,8,True,False,2,0
823.0,9,False,terminal,16,True,False,3,1
42.0,9,False,document,18,True,False,3,0
194.0,9,False,ide,33,True,False,4,1
240.0,9,False,chat,8,True,False,1,0
272.0,9,False,browser,29,True,False,2,0
318.0,10,False,other,0,True,False,2,1
121.0,10,False,chat,8,True,False,3,0
149.0,10,False,document,18,True,False,4,1
99.0,10,False,chat,8,True,False,4,0
298.0,10,False,other,0,True,False,2,0
377.0,10,False,other,0,False,False,2,0
413.0,10,False,chat,15,True,False,2,1
139.0,10,False,chat,8,True,False,3,0
322.0,10,False,other,0,True,False,1,0
341.0,10,False,chat,11,True,False,2,0
532.0,10,False,browser,7,True,False,2,0
722.0,10,False,browser,5,False,False,1,0
882.0,10,False,chat,8,True,False,1,1
139.0,10,False,document,18,True,False,2,0
301.0,10,False,document,18,False,False,1,1
131.0,10,False,chat,15,True,False,2,0
195.0,10,False,terminal,10,True,False,2,1
5.0,10,False,chat,8,True,False,3,0
129.0,10,False,browser,29,True,False,3,0
351.0,10,False,browser,7,False,False,1,0
462.0,10,False,chat,11,True,False,1,1
90.0,10,False,other,0,True,False,2,0
97.0,10,False,document,18,True,False,3,0
174.0,10,False,chat,11,True,False,4,0
257.0,10,False,chat,8,True,False,4,1
201.0,10,False,chat,8,False,False,2,0
381.0,10,False,ide,16,True,False,1,0
487.0,10,False,document,18,True,False,2,1
54.0,10,False,ide,16,True,False,2,0
231.0,10,False,document,18,True,False,2,0
inf,9,False,terminal,16,True,True,0,0
inf,9,False,ide,25,True,True,1,1
84.0,9,False,browser,29,True,True,2,0
306.0,9,False,ide,33,True,False,1,0
430.0,9,False,browser,5,True,False,1,0
568.0,9,False,ide,16,True,False,2,0
720.0,9,False,chat,8,True,True,2,1
87.0,9,False,chat,8,False,False,2,0
165.0,9,False,chat,8,True,True,2,0
367.0,9,False,chat,8,True,False,2,0
441.0,9,False,chat,15,True,True,2,1
75.0,9,False,terminal,16,True,False,2,1
164.0,9,False,browser,29,True,False,2,1
143.0,9,False,browser,29,False,False,1,0
217.0,9,False,document,18,True,True,2,0
427.0,9,False,terminal,10,True,False,2,1
48.0,9,False,chat,8,True,False,2,0
209.0,9,False,browser,5,True,False,2,0
226.0,9,False,document,18,True,False,3,0
351.0,9,False,terminal,16,True,False,2,1
103.0,9,False,ide,16,True,False,3,0
217.0,9,False,ide,16,False,False,2,0
402.0,9,False,other,0,True,True,2,1
84.0,9,False,chat,15,True,False,2,0
271.0,9,False,document,18,True,False,2,0
421.0,9,False,browser,5,True,False,1,0
634.0,9,False,terminal,16,True,False,1,0
755.0,10,False,chat,15,True,False,1,0
880.0,10,False,chat,8,True,False,2,0
921.0,10,False,chat,8,True,False,3,1
105.0,10,False,chat,8,True,False,3,0
344.0,10,False,terminal,10,True,False,1,0
465.0,10,False,document,18,True,False,1,0
486.0,10,False,chat,15,True,False,2,0
580.0,10,False,chat,15,False,False,3,1
221.0,10,False,chat,15,False,False,1,0
422.0,10,False,terminal,11,True,False,1,0
557.0,10,False,document,18,True,False,1,0
771.0,10,False,browser,5,True,False,1,1
147.0,10,False,browser,5,False,False,1,0
288.0,10,False,browser,5,False,False,2,0
444.0,10,False,chat,15,True,False,2,1
163.0,10,False,other,0,True,False,1,0
208.0,10,False,chat,11,True,False,2,1
21.0,10,False,chat,15,True,False,3,0
234.0,10,False,document,18,True,False,3,0
384.0,10,False,other,0,True,False,1,0
433.0,10,False,document,18,True,False,2,0
620.0,10,False,browser,7,True,False,2,1
156.0,10,False,chat,15,True,False,1,0
303.0,10,False,chat,15,False,False,1,0
353.0,10,False,browser,5,True,False,2,0
375.0,10,False,chat,8,True,False,3,0
588.0,10,False,browser,7,True,False,3,0
719.0,10,False,other,0,True,False,1,0
779.0,10,False,ide,16,True,False,2,1
236.0,11,False,terminal,10,True,False,2,0
410.0,11,False,ide,16,True,False,1,0
551.0,11,False,terminal,11,True,False,1,0
713.0,11,False,chat,8,True,False,1,0
inf,9,True,terminal,11,True,True,0,1
132.0,9,True,ide,33,True,True,1,0
265.0,9,True,chat,11,True,True,2,0
409.0,9,True,chat,8,True,True,2,0
423.0,9,True,document,18,True,True,3,1
33.0,9,True,chat,15,True,True,3,0
74.0,9,True,chat,15,False,False,4,1
137.0,9,True,chat,8,True,False,4,1
232.0,9,True,browser,7,True,True,1,1
125.0,9,True,browser,29,False,False,1,0
292.0,9,True,browser,7,False,False,2,0
528.0,9,True,chat,8,True,False,1,1
125.0,9,True,document,18,True,False,1,0
276.0,9,True,chat,15,True,False,2,0
371.0,9,True,document,18,True,False,2,0
418.0,9,True,chat,8,True,False,3,0
575.0,9,True,ide,33,True,False,3,0
595.0,9,True,chat,8,True,False,3,0
746.0,9,True,chat,15,True,False,2,0
825.0,9,True,ide,33,True,False,3,0
954.0,9,True,ide,25,False,False,2,0
1088.0,9,True,browser,29,True,False,2,1
69.0,9,True,browser,5,False,False,2,0
145.0,9,True,terminal,10,True,False,3,0
153.0,9,True,chat,8,True,False,4,1
49.0,9,True,browser,7,True,False,4,0
168.0,9,True,terminal,10,True,False,4,1
71.0,9,True,document,18,True,False,4,1
51.0,9,True,chat,12,True,False,5,0
77.0,9,True,ide,25,True,False,4,1
215.0,9,True,terminal,10,True,False,3,1
197.0,9,True,terminal,11,False,False,1,0
262.0,9,True,other,0,True,True,2,1
58.0,10,True,chat,15,True,False,2,0
227.0,10,True,document,18,True,False,3,0
245.0,10,True,chat,8,True,False,3,0
352.0,10,True,terminal,11,True,False,3,1
126.0,10,True,chat,15,True,False,3,0
305.0,10,True,chat,12,True,False,1,0
377.0,10,True,other,0,True,False,2,1
227.0,10,True,terminal,10,True,False,2,1
78.0,10,True,other,0,True,False,1,0
256.0,10,True,chat,15,True,False,2,0
285.0,10,True,document,18,True,False,3,1
161.0,10,True,document,18,False,False,2,0
235.0,10,True,chat,8,True,False,3,0
305.0,10,True,chat,8,False,False,2,1
202.0,10,True,other,0,True,False,2,1
177.0,10,True,chat,11,True,False,1,0
268.0,10,True,chat,11,False,False,2,0
413.0,10,True,terminal,11,True,False,2,0
420.0,10,True,ide,33,True,False,3,1
110.0,10,True,browser,29,True,False,3,1
31.0,10,True,browser,7,False,False,4,0
92.0,10,True,chat,15,True,False,4,0
146.0,10,True,chat,8,True,False,5,0
309.0,10,True,ide,16,True,False,3,1
157.0,10,True,browser,29,True,False,1,0
325.0,10,True,chat,11,True,False,1,0
360.0,10,True,browser,7,True,False,2,1
inf,9,True,chat,8,True,True,0,0
inf,9,True,chat,15,True,True,1,0
inf,9,True,document,18,True,True,1,1
19.0,9,True,chat,8,True,True,2,0
160.0,9,True,browser,5,True,True,2,1
220.0,9,True,document,18,True,False,1,0
390.0,9,True,chat,15,True,False,1,0
536.0,9,True,chat,8,True,False,1,0
710.0,9,True,ide,25,True,True,1,1
183.0,9,True,chat,12,True,False,1,0
349.0,9,True,other,0,True,True,1,0
375.0,9,True,document,18,True,False,2,1
40.0,9,True,chat,15,True,False,3,0
51.0,9,True,ide,16,True,False,4,0
155.0,9,True,chat,12,True,False,4,1
169.0,9,True,browser,7,True,False,3,0
310.0,9,True,chat,8,True,False,1,0
324.0,9,True,chat,15,True,False,2,1
91.0,9,True,document,18,True,False,3,0
126.0,9,True,ide,25,True,False,4,0
301.0,9,True,chat,11,True,False,2,0
495.0,9,True,chat,15,True,False,1,0
509.0,9,True,chat,8,True,False,2,1
172.0,9,True,terminal,11,True,True,2,0
409.0,9,True,ide,25,True,False,1,0
593.0,9,True,ide,16,False,False,1,0
642.0,9,True,terminal,16,True,False,2,0
857.0,9,True,ide,25,True,False,2,1
161.0,10,True,browser,5,True,False,1,0
182.0,10,True,terminal,10,True,False,2,0
314.0,10,True,browser,29,True,False,2,0
524.0,10,True,chat,8,True,False,1,0
615.0,10,True,chat,12,False,False,1,0
650.0,10,True,other,0,True,False,2,0
869.0,10,True,terminal,11,True,False,2,0
1025.0,10,True,chat,8,True,False,1,1
21.0,10,True,terminal,11,True,False,2,0
62.0,10,True,browser,5,True,False,3,0
245.0,10,True,other,0,True,False,3,0
362.0,10,True,document,18,True,False,2,1
15.0,10,True,chat,11,True,False,2,0
222.0,10,True,terminal,16,True,False,2,0
231.0,10,True,other,0,True,False,3,0
237.0,10,True,chat,15,True,False,4,1
27.0,10,True,ide,16,True,False,5,1
182.0,10,True,chat,8,True,False,4,0
239.0,10,True,chat,15,True,False,5,1
74.0,10,True,terminal,10,True,False,2,1
66.0,10,True,chat,15,True,False,3,0
248.0,10,True,terminal,10,True,False,2,0
299.0,10,True,ide,33,True,False,3,1
165.0,10,True,chat,15,True,False,2,0
277.0,10,True,chat,8,True,False,2,0
342.0,10,True,ide,33,True,False,2,0
482.0,10,True,chat,8,True,False,2,0
579.0,10,True,browser,7,True,False,2,0
781.0,10,True,chat,12,True,False,2,0
799.0,10,True,chat,12,False,False,2,0
1007.0,10,True,chat,8,False,False,2,0
1228.0,10,True,terminal,10,True,False,1,0
inf,9,False,browser,5,True,True,0,1
156.0,9,False,chat,15,True,True,1,1
76.0,9,False,chat,15,False,False,2,0
190.0,9,False,ide,33,True,True,2,1
88.0,9,False,chat,8,True,True,3,1
233.0,9,False,other,0,True,True,1,0
467.0,9,False,terminal,10,True,True,1,0
483.0,9,False,ide,25,True,False,2,1
192.0,9,False,ide,25,False,False,2,0
332.0,9,False,ide,25,False,False,1,0
544.0,9,False,other,0,True,False,1,1
131.0,9,False,browser,5,True,False,1,0
278.0,9,False,chat,8,True,False,2,0
470.0,9,False,ide,33,True,False,1,0
508.0,9,False,other,0,True,False,2,1
66.0,9,False,document,18,True,True,3,1
127.0,9,False,browser,29,True,False,3,0
312.0,9,False,chat,8,True,True,1,0
433.0,9,False,chat,15,True,False,1,0
661.0,9,False,chat,15,False,False,1,0
868.0,9,False,other,0,True,False,1,0
1053.0,9,False,document,18,True,False,1,0
1076.0,9,False,ide,33,True,False,2,0
1216.0,9,False,other,0,True,False,2,0
1330.0,9,False,ide,25,True,False,3,1
206.0,10,False,chat,8,True,False,1,0
436.0,10,False,browser,7,True,False,1,0
572.0,10,False,document,18,True,False,1,0
605.0,10,False,document,18,False,False,2,0
729.0,10,False,other,0,True,False,3,1
98.0,10,False,ide,25,True,False,3,0
246.0,10,False,terminal,10,True,False,2,0
432.0,10,False,browser,7,True,False,1,0
522.0,10,False,chat,8,True,False,2,0
556.0,10,False,chat,11,False,False,2,0
753.0,10,False,chat,15,True,False,2,0
848.0,10,False,chat,12,True,False,2,0
923.0,10,False,chat,8,True,False,2,0
1023.0,10,False,ide,16,True,False,3,0
1152.0,10,False,document,18,True,False,2,0
1338.0,10,False,browser,5,True,False,1,0
1501.0,10,False,chat,8,True,False,1,0
1554.0,10,False,document,18,True,False,2,0
1579.0,10,False,chat,15,True,False,3,0
1657.0,10,False,other,0,True,False,3,0
1704.0,10,False,browser,29,True,False,4,0
1887.0,10,False,chat,8,True,False,2,0
1930.0,10,False,terminal,11,True,False,3,0
2095.0,10,False,chat,11,True,False,2,0
2206.0,10,False,ide,25,True,False,2,1
93.0,10,False,terminal,11,True,False,2,0
286.0,10,False,other,0,True,False,2,1
53.0,10,False,ide,25,True,False,2,0
281.0,10,False,browser,29,True,False,2,0
451.0,11,False,chat,11,True,False,1,1
153.0,11,False,document,18,True,False,1,0
282.0,11,False,document,18,False,False,2,0
364.0,11,False,chat,15,True,False,2,0
412.0,11,False,terminal,11,True,False,3,1
128.0,11,False,chat,8,True,False,3,0
inf,9,False,chat,11,True,True,0,0
inf,9,False,chat,12,False,False,1,0
inf,9,False,ide,16,True,True,2,1
136.0,9,False,chat,15,True,True,2,1
130.0,9,False,other,0,True,True,2,1
237.0,9,False,document,18,True,True,1,1
42.0,9,False,document,18,False,False,2,0
145.0,9,False,other,0,True,False,2,0
222.0,9,False,document,18,True,False,3,1
83.0,9,False,document,18,False,False,3,0
143.0,9,False,chat,15,True,False,3,0
353.0,9,False,chat,15,False,False,2,1
46.0,9,False,chat,15,False,False,2,0
86.0,9,False,other,0,True,False,3,0
144.0,9,False,browser,29,True,True,3,1
227.0,9,False,chat,8,True,True,2,1
156.0,9,False,document,18,True,False,1,0
162.0,9,False,other,0,True,False,2,0
273.0,9,False,other,0,False,False,3,1
123.0,9,False,terminal,10,True,True,3,1
52.0,9,False,terminal,16,False,False,4,0
198.0,9,False,other,0,True,False,2,0
413.0,9,False,chat,15,True,False,1,0
544.0,9,False,chat,8,True,False,1,0
555.0,9,False,chat,15,True,False,2,0
627.0,9,False,ide,16,True,False,3,1
36.0,9,False,chat,8,True,False,4,0
86.0,9,False,chat,8,False,False,5,1
12.0,9,False,chat,15,True,False,5,0
143.0,9,False,browser,5,True,False,4,0
338.0,9,False,browser,7,False,False,1,0
487.0,9,False,document,18,True,False,1,0
652.0,9,False,other,0,True,False,1,1
100.0,10,False,chat,15,True,False,2,0
146.0,10,False,ide,25,True,False,2,0
232.0,10,False,ide,16,False,False,3,1
96.0,10,False,chat,15,True,False,3,0
170.0,10,False,terminal,16,True,False,3,1
167.0,10,False,document,18,True,False,2,0
246.0,10,False,document,18,False,False,2,1
136.0,10,False,chat,8,True,False,2,0
187.0,10,False,chat,11,True,False,3,1
197.0,10,False,browser,7,True,False,2,0
284.0,10,False,terminal,10,True,False,2,0
358.0,10,False,document,18,True,False,2,0
499.0,10,False,document,18,False,False,2,0
507.0,10,False,document,18,False,False,3,1
77.0,10,False,terminal,10,True,False,4,1
110.0,10,False,document,18,True,False,3,0
141.0,10,False,document,18,False,False,4,0
274.0,10,False,chat,8,True,False,3,0
482.0,10,False,chat,8,False,False,1,0
604.0,10,False,browser,5,True,False,1,0
818.0,10,False,browser,29,False,False,1,0
945.0,10,False,terminal,16,True,False,1,1
181.0,10,False,document,18,True,False,1,0
395.0,10,False,document,18,False,False,1,0
444.0,10,False,chat,15,True,False,2,0
639.0,10,False,chat,8,True,False,2,0
676.0,10,False,browser,29,True,False,3,1
inf,9,False,document,18,True,True,0,0
inf,9,False,browser,7,True,True,1,0
inf,9,False,chat,15,True,True,2,1
26.0,9,False,chat,8,True,True,3,1
34.0,9,False,document,18,True,False,4,0
155.0,9,False,other,0,True,True,3,0
217.0,9,False,chat,8,True,False,4,1
223.0,9,False,other,0,True,False,2,0
447.0,9,False,other,0,False,False,1,0
625.0,9,False,browser,5,True,False,1,0
633.0,9,False,document,18,True,False,2,0
739.0,9,False,chat,15,True,False,3,1
35.0,9,False,chat,15,False,False,3,0
142.0,9,False,terminal,11,True,True,4,1
233.0,9,False,browser,7,True,False,1,0
331.0,9,False,terminal,16,True,False,1,0
387.0,9,False,chat,12,True,True,2,0
451.0,9,False,other,0,True,False,3,0
527.0,9,False,other,0,False,False,4,0
623.0,9,False,chat,8,True,False,4,0
752.0,9,False,chat,15,True,False,2,0
953.0,9,False,chat,8,True,False,1,1
36.0,9,False,chat,15,True,False,2,0
168.0,9,False,chat,8,True,False,2,0
207.0,9,False,chat,11,True,False,3,1
193.0,9,False,ide,16,True,True,2,0
325.0,9,False,ide,16,False,False,1,1
102.0,9,False,ide,16,False,False,2,0
184.0,9,False,document,18,True,False,2,0
358.0,9,False,browser,29,True,False,2,0
414.0,9,False,chat,15,True,False,2,1
130.0,9,False,chat,8,True,False,2,0
342.0,10,False,chat,8,False,False,1,0
457.0,10,False,ide,16,True,False,1,1
120.0,10,False,browser,5,True,False,2,0
238.0,10,False,document,18,True,False,2,0
251.0,10,False,chat,15,True,False,3,1
173.0,10,False,terminal,10,True,False,2,0
303.0,10,False,chat,8,True,False,1,0
387.0,10,False,other,0,True,False,2,0
587.0,10,False,other,0,False,False,2,0
764.0,10,False,browser,7,True,False,1,0
890.0,10,False,chat,15,True,False,1,0
909.0,10,False,terminal,10,True,False,2,0
1040.0,10,False,other,0,True,False,3,0
1241.0,10,False,other,0,False,False,1,0
1261.0,10,False,chat,8,True,False,2,1
16.0,10,False,ide,33,True,False,3,0
110.0,10,False,terminal,11,True,False,3,0
202.0,10,False,ide,33,True,False,4,0
316.0,10,False,other,0,True,False,3,1
110.0,10,False,document,18,True,False,2,0
284.0,10,False,document,18,False,False,2,0
349.0,10,False,chat,8,True,False,2,0
587.0,10,False,chat,8,True,False,1,0
621.0,10,False,browser,5,True,False,2,0
631.0,10,False,document,18,True,False,3,0
753.0,10,False,document,18,False,False,3,0
826.0,10,False,other,0,True,False,4,1
125.0,10,False,ide,33,True,False,2,0
inf,9,False,ide,33,True,True,0,1
42.0,9,False,document,18,True,True,1,0
238.0,9,False,chat,8,True,True,2,0
348.0,9,False,chat,8,True,True,1,0
515.0,9,False,document,18,True,False,2,0
588.0,9,False,chat,12,True,False,2,0
658.0,9,False,chat,8,True,False,2,0
724.0,9,False,chat,12,True,False,3,0
778.0,9,False,browser,29,True,True,4,1
209.0,9,False,ide,16,True,False,2,0
338.0,9,False,chat,8,True,False,1,0
508.0,9,False,other,0,True,True,2,1
45.0,9,False,ide,16,True,False,2,0
57.0,9,False,chat,8,True,False,3,0
230.0,9,False,chat,8,False,False,3,0
453.0,9,False,terminal,10,True,True,1,1
129.0,9,False,ide,33,True,False,1,0
354.0,9,False,ide,16,False,False,1,0
513.0,9,False,browser,5,True,False,1,0
748.0,9,False,chat,8,True,False,1,0
924.0,9,False,other,0,True,False,1,0
1143.0,9,False,browser,5,True,False,1,0
1176.0,9,False,terminal,16,True,False,2,0
1351.0,9,False,browser,7,True,False,2,0
1582.0,9,False,chat,8,True,False,1,0
1740.0,9,False,browser,29,True,False,1,0
1829.0,10,False,browser,5,False,False,2,0
1942.0,10,False,other,0,True,False,2,0
1974.0,10,False,chat,8,True,False,3,1
75.0,10,False,terminal,16,True,False,3,0
145.0,10,False,chat,15,True,True,4,1
141.0,10,False,ide,25,True,False,3,1
86.0,10,False,document,18,True,False,3,0
265.0,10,False,other,0,True,False,2,0
495.0,10,False,chat,12,True,False,1,1
126.0,10,False,terminal,11,True,False,1,0
136.0,10,False,document,18,True,False,2,0
310.0,10,False,ide,33,True,False,2,1
239.0,10,False,ide,33,False,False,1,0
385.0,10,False,chat,12,True,False,1,0
553.0,10,False,other,0,True,False,1,0
694.0,10,False,document,18,True,False,1,0
798.0,10,False,chat,12,True,False,2,0
1037.0,10,False,ide,25,True,False,1,1
28.0,10,False,chat,8,True,False,2,0
86.0,10,False,chat,12,True,False,2,0
252.0,10,False,terminal,11,True,False,3,0
459.0,10,False,document,18,True,False,1,0
685.0,10,False,ide,25,True,False,1,1
125.0,10,False,browser,5,True,False,1,0
313.0,10,False,other,0,True,False,1,1
216.0,10,False,other,0,False,False,1,0
287.0,10,False,terminal,10,True,False,2,0
399.0,11,False,browser,5,True,False,2,0
581.0,11,False,document,18,True,False,2,0
750.0,11,False,ide,16,True,False,1,0
868.0,11,False,terminal,10,True,False,2,0
975.0,11,False,terminal,16,False,False,2,0
1058.0,11,False,chat,11,True,False,2,1
33.0,11,False,document,18,True,False,3,1
inf,9,False,chat,8,True,True,0,0
inf,9,False,chat,15,True,True,1,1
7.0,9,False,chat,15,False,False,2,0
235.0,9,False,chat,15,False,False,2,0
415.0,9,False,document,18,True,True,1,0
518.0,9,False,chat,11,True,True,2,1
23.0,9,False,other,0,True,True,2,0
43.0,9,False,browser,7,True,True,3,0
108.0,9,False,ide,25,True,True,4,1
160.0,9,False,chat,15,True,False,4,0
229.0,9,False,ide,16,True,False,3,0
335.0,9,False,other,0,True,False,2,0
568.0,9,False,document,18,True,False,1,0
618.0,9,False,ide,33,True,False,2,0
751.0,9,False,chat,8,True,False,2,0
980.0,9,False,chat,15,True,False,1,0
1007.0,9,False,chat,15,False,False,2,0
1048.0,9,False,document,18,True,False,3,1
85.0,9,False,chat,8,True,False,3,0
217.0,9,False,ide,16,True,False,4,1
115.0,9,False,chat,8,True,False,2,0
276.0,9,False,chat,8,False,False,2,0
392.0,9,False,chat,8,False,False,2,0
585.0,9,False,terminal,11,True,True,1,0
732.0,9,False,chat,15,True,False,1,1
53.0,9,False,chat,15,False,False,2,0
116.0,9,False,terminal,16,True,False,3,0
241.0,9,False,terminal,16,False,False,3,0
426.0,9,False,chat,8,True,False,1,0
460.0,9,False,chat,15,True,False,2,0
578.0,9,False,chat,15,False,False,2,0
700.0,9,False,document,18,True,False,3,1
221.0,10,False,chat,15,True,False,1,0
315.0,10,False,terminal,16,True,False,1,1
227.0,10,False,browser,29,True,False,1,0
445.0,10,False,chat,8,True,False,1,0
580.0,10,False,terminal,10,True,False,1,0
734.0,10,False,chat,8,True,False,2,0
935.0,10,False,ide,33,True,False,1,1
240.0,10,False,terminal,11,True,False,1,1
201.0,10,False,browser,29,True,False,1,1
232.0,10,False,chat,15,True,False,1,0
309.0,10,False,document,18,True,False,1,0
409.0,10,False,browser,5,True,False,2,1
44.0,10,False,browser,5,False,False,3,0
166.0,10,False,ide,16,True,False,3,0
331.0,10,False,chat,15,True,False,2,0
420.0,10,False,chat,8,True,False,2,0
584.0,10,False,ide,33,True,False,2,1
192.0,10,False,chat,15,True,False,1,0
417.0,10,False,terminal,16,True,False,1,1
77.0,10,False,ide,33,True,False,1,0
272.0,10,False,document,18,True,False,2,0
431.0,10,False,browser,7,True,False,1,1
107.0,11,False,other,0,True,False,2,0
173.0,11,False,chat,8,True,False,2,0
183.0,11,False,other,0,True,False,3,0
287.0,11,False,chat,8,True,False,4,1
170.0,11,False,other,0,True,False,3,0
251.0,11,False,terminal,16,True,False,2,0
inf,9,True,chat,15,True,True,0,0
inf,9,True,terminal,16,True,True,1,0
inf,9,True,browser,7,True,True,2,0
inf,9,True,chat,8,True,True,2,0
inf,9,True,ide,16,True,True,2,1
48.0,9,True,browser,29,True,False,3,1
182.0,9,True,chat,15,True,False,2,0
264.0,9,True,other,0,True,True,2,0
474.0,9,True,document,18,True,True,2,0
511.0,9,True,chat,8,True,False,2,1
53.0,9,True,terminal,16,True,False,3,1
183.0,9,True,browser,29,True,False,3,0
241.0,9,True,chat,8,True,True,3,1
171.0,9,True,chat,15,True,False,2,0
391.0,9,True,chat,12,True,False,1,1
82.0,9,True,chat,8,False,False,1,0
208.0,9,True,chat,15,True,False,2,0
242.0,9,True,other,0,True,False,3,1
194.0,9,True,terminal,16,True,False,2,0
319.0,9,True,chat,15,True,False,1,0
473.0,9,True,ide,25,True,False,2,0
553.0,9,True,chat,8,True,False,2,0
643.0,9,True,other,0,True,False,2,0
809.0,9,True,ide,16,True,False,2,0
1031.0,9,True,other,0,True,False,1,0
1045.0,9,True,chat,15,True,False,2,0
1174.0,9,True,chat,15,False,False,2,0
1361.0,9,True,chat,15,False,False,1,0
1370.0,9,True,ide,33,True,False,2,0
1516.0,9,True,other,0,True,False,2,0
1749.0,10,True,browser,5,True,False,1,0
1783.0,10,True,other,0,True,False,2,1
119.0,10,True,chat,15,True,False,2,0
165.0,10,True,other,0,True,False,3,0
290.0,10,True,chat,8,True,False,3,1
64.0,10,True,document,18,True,False,3,0
301.0,10,True,chat,11,True,False,1,0
339.0,10,True,document,18,True,False,2,0
450.0,10,True,chat,8,True,False,2,0
659.0,10,True,document,18,True,False,1,0
717.0,10,True,terminal,10,True,False,2,0
892.0,10,True,chat,8,True,False,2,0
941.0,10,True,chat,15,True,False,3,1
160.0,10,True,chat,8,True,False,2,0
368.0,10,True,chat,15,True,False,1,1
82.0,10,True,other,0,True,False,2,0
229.0,10,True,chat,8,True,False,2,0
325.0,10,True,ide,16,True,False,2,1
178.0,10,True,chat,8,True,False,2,0
394.0,10,True,terminal,16,True,False,1,0
485.0,10,True,ide,16,True,False,1,1
163.0,10,True,other,0,True,False,2,0
311.0,10,True,chat,8,True,False,1,0
382.0,10,True,chat,12,False,False,2,0
583.0,10,True,document,18,True,False,2,0
656.0,10,True,ide,33,True,False,2,0
884.0,10,True,terminal,10,True,False,1,1
17.0,10,True,browser,7,True,False,2,0
237.0,11,True,chat,15,True,False,2,0
442.0,11,True,browser,29,True,False,1,0
inf,9,True,chat,8,True,True,0,0
inf,9,True,chat,8,False,False,1,0
inf,9,True,document,18,True,True,1,0
inf,9,True,chat,8,True,False,1,0
inf,9,True,other,0,True,True,1,1
164.0,9,True,chat,11,True,True,1,0
396.0,9,True,chat,15,True,True,1,1
230.0,9,True,other,0,True,False,1,1
14.0,9,True,chat,8,True,False,2,0
204.0,9,True,document,18,True,False,2,0
347.0,9,True,terminal,10,True,True,1,1
28.0,9,True,chat,8,True,False,2,0
226.0,9,True,chat,8,False,False,2,0
238.0,9,True,terminal,16,True,False,3,1
218.0,9,True,chat,8,True,False,2,0
352.0,9,True,chat,8,False,False,1,0
372.0,9,True,browser,7,True,True,2,1
165.0,9,True,document,18,True,False,2,0
182.0,9,True,document,18,False,False,3,0
263.0,9,True,browser,5,True,False,4,1
91.0,9,True,ide,25,True,True,3,0
244.0,9,True,chat,11,True,False,2,0
325.0,9,True,chat,12,False,False,2,0
512.0,9,True,chat,8,True,False,2,0
543.0,9,True,other,0,True,False,3,0
758.0,9,True,document,18,True,False,2,0
788.0,9,True,document,18,False,False,3,0
901.0,10,True,terminal,10,True,False,2,1
28.0,10,True,other,0,True,False,3,0
260.0,10,True,ide,25,True,False,2,0
319.0,10,True,terminal,11,True,False,2,0
418.0,10,True,chat,15,True,False,2,0
646.0,10,True,other,0,True,False,1,0
813.0,10,True,chat,8,True,False,1,0
994.0,10,True,other,0,True,False,1,0
1209.0,10,True,chat,15,True,False,1,0
1343.0,10,True,terminal,16,True,False,1,1
187.0,10,True,terminal,11,False,False,1,0
372.0,10,True,chat,15,True,False,1,0
431.0,10,True,browser,7,True,False,2,0
444.0,10,True,chat,15,True,False,3,1
99.0,10,True,terminal,10,True,False,3,0
322.0,10,True,browser,7,True,False,1,0
357.0,10,True,other,0,True,False,2,1
15.0,10,True,document,18,True,False,3,1
100.0,10,True,terminal,16,True,False,3,0
182.0,10,True,chat,8,True,False,4,0
194.0,10,True,chat,8,False,False,5,1
205.0,10,True,terminal,16,True,False,3,0
438.0,10,True,other,0,True,False,1,0
498.0,10,True,chat,8,True,False,2,0
628.0,10,True,terminal,10,True,False,2,1
145.0,10,True,ide,16,True,False,2,0
372.0,10,True,document,18,True,False,1,1
128.0,10,True,ide,25,True,False,1,0
363.0,11,True,chat,8,True,False,1,0
489.0,11,True,document,18,True,False,1,1
134.0,11,True,terminal,16,True,False,2,0
309.0,11,True,chat,15,True,False,1,1
226.0,11,True,chat,15,False,False,1,0
inf,9,False,chat,8,True,True,0,0
inf,9,False,document,18,True,True,1,0
inf,9,False,document,18,False,False,2,0
inf,9,False,browser,29,True,True,3,1
155.0,9,False,chat,11,True,True,2,0
290.0,9,False,chat,12,False,False,2,0
363.0,9,False,other,0,True,True,2,0
486.0,9,False,ide,25,True,True,2,1
128.0,9,False,other,0,True,False,2,0
295.0,9,False,ide,25,True,False,2,0
368.0,9,False,chat,8,True,False,2,0
568.0,9,False,browser,29,True,False,2,0
718.0,9,False,terminal,11,True,True,1,0
744.0,9,False,other,0,True,False,2,0
844.0,9,False,chat,8,True,False,3,1
142.0,9,False,terminal,16,True,False,3,1
15.0,9,False,other,0,True,False,4,0
232.0,9,False,ide,25,True,False,2,1
5.0,9,False,chat,8,True,False,3,1
74.0,9,False,ide,25,True,False,3,1
94.0,9,False,chat,8,True,False,3,0
314.0,9,False,chat,11,True,False,1,1
46.0,9,False,chat,8,True,False,2,0
73.0,9,False,browser,5,True,False,3,0
290.0,9,False,other,0,True,False,3,0
437.0,9,False,terminal,10,True,False,1,1
58.0,9,False,chat,8,True,False,2,0
225.0,9,False,document,18,True,False,2,0
299.0,9,False,chat,8,True,False,3,1
87.0,9,False,chat,11,True,False,2,0
209.0,9,False,document,18,True,False,3,1
238.0,9,False,document,18,False,False,1,0
243.0,9,False,terminal,10,True,False,2,0
478.0,10,False,chat,15,True,True,2,0
527.0,10,False,ide,33,True,False,3,0
727.0,10,False,other,0,True,False,2,0
933.0,10,False,other,0,False,False,1,0
945.0,10,False,browser,7,True,False,2,1
95.0,10,False,chat,15,True,False,2,0
199.0,10,False,other,0,True,False,3,1
7.0,10,False,terminal,10,True,False,4,1
99.0,10,False,browser,5,True,False,3,1
7.0,10,False,chat,12,True,False,4,0
17.0,10,False,chat,11,False,False,5,0
71.0,10,False,chat,8,True,False,6,0
236.0,10,False,browser,7,True,False,4,0
300.0,10,False,chat,8,True,False,5,0
314.0,10,False,chat,15,True,False,4,0
550.0,10,False,chat,8,True,False,2,0
605.0,10,False,chat,8,True,False,2,1
227.0,10,False,other,0,True,False,2,0
275.0,10,False,chat,8,True,False,2,1
194.0,10,False,chat,11,True,False,2,0
349.0,10,False,terminal,16,True,False,1,0
370.0,10,False,terminal,10,False,False,2,1
150.0,10,False,terminal,11,False,False,2,1
191.0,10,False,chat,11,True,False,1,0
413.0,10,False,chat,8,True,False,1,0
591.0,10,False,ide,33,True,False,1,0
596.0,10,False,chat,8,True,False,2,0
inf,9,False,browser,29,True,True,0,0
inf,9,False,ide,33,True,True,1,1
107.0,9,False,chat,8,True,True,2,1
197.0,9,False,browser,7,True,False,1,0
423.0,9,False,other,0,True,True,1,0
526.0,9,False,ide,25,True,False,1,0
756.0,9,False,chat,15,True,True,1,0
927.0,9,False,browser,5,True,False,1,0
1064.0,9,False,ide,25,True,False,1,1
32.0,9,False,document,18,True,True,2,1
157.0,9,False,browser,29,True,False,2,0
364.0,9,False,browser,7,False,False,1,0
401.0,9,False,chat,11,True,True,2,1
112.0,9,False,chat,8,True,False,2,0
164.0,9,False,chat,15,True,False,3,0
373.0,9,False,chat,8,True,False,2,0
410.0,9,False,ide,16,True,False,3,1
136.0,9,False,chat,8,True,False,2,0
290.0,9,False,document,18,True,False,2,0
415.0,9,False,terminal,16,True,True,2,1
79.0,9,False,chat,8,True,False,2,0
216.0,9,False,document,18,True,False,2,0
281.0,9,False,terminal,16,True,False,3,0
374.0,9,False,ide,25,True,False,3,1
168.0,9,False,chat,8,True,False,2,0
260.0,9,False,chat,8,False,False,2,0
386.0,9,False,chat,11,False,False,2,0
609.0,10,False,chat,15,True,False,1,0
721.0,10,False,document,18,True,False,1,1
31.0,10,False,document,18,False,False,2,0
162.0,10,False,chat,15,True,False,3,1
168.0,10,False,chat,8,True,False,2,0
231.0,10,False,chat,11,False,False,2,0
297.0,10,False,chat,15,True,False,3,1
211.0,10,False,chat,15,False,False,2,0
318.0,10,False,other,0,True,False,1,0
415.0,10,False,terminal,16,True,False,2,0
511.0,10,False,ide,16,True,False,3,1
34.0,10,False,ide,33,False,False,3,0
151.0,10,False,terminal,11,True,False,3,1
154.0,10,False,chat,11,True,False,2,0
166.0,10,False,document,18,True,False,3,0
243.0,10,False,chat,8,True,False,3,0
474.0,10,False,terminal,16,True,False,1,0
565.0,10,False,chat,8,True,False,1,0
620.0,10,False,chat,8,True,False,2,0
840.0,10,False,ide,16,True,False,2,0
850.0,10,False,chat,8,True,False,3,1
172.0,10,False,terminal,11,True,False,2,0
230.0,10,False,browser,5,True,False,3,0
296.0,10,False,chat,8,True,False,3,1
174.0,10,False,document,18,True,False,3,0
383.0,10,False,terminal,10,True,False,1,1
35.0,10,False,other,0,True,False,2,0
243.0,10,False,terminal,16,True,False,2,0
384.0,10,False,chat,8,True,False,1,0
470.0,10,False,other,0,True,False,2,1
240.0,10,False,other,0,False,False,1,0
395.0,11,False,ide,33,True,False,1,0
475.0,11,False,chat,11,True,False,2,0
inf,9,False,chat,8,True,True,0,1
97.0,9,False,browser,29,True,True,1,0
153.0,9,False,ide,33,True,True,2,1
177.0,9,False,document,18,True,True,2,0
259.0,9,False,document,18,False,False,2,0
444.0,9,False,chat,8,True,False,2,0
638.0,9,False,terminal,10,True,True,1,1
202.0,9,False,chat,8,True,False,1,0
417.0,9,False,chat,8,False,False,1,0
525.0,9,False,document,18,True,False,1,0
697.0,9,False,ide,25,True,False,2,0
760.0,9,False,terminal,11,True,False,2,0
956.0,9,False,chat,11,True,True,2,1
64.0,9,False,chat,12,False,False,2,0
156.0,9,False,chat,15,True,True,2,1
221.0,9,False,browser,5,True,False,1,0
423.0,9,False,chat,12,True,False,1,0
540.0,9,False,other,0,True,True,1,0
640.0,9,False,chat,15,True,False,2,0
868.0,9,False,terminal,10,True,False,1,0
1061.0,9,False,terminal,11,False,False,1,0
1273.0,9,False,ide,25,True,False,1,1
62.0,9,False,document,18,True,False,2,1
180.0,9,False,other,0,True,False,2,1
88.0,9,False,other,0,False,False,2,0
294.0,10,False,ide,33,True,False,2,0
338.0,10,False,ide,16,False,False,2,0
440.0,10,False,document,18,True,False,2,0
461.0,10,False,chat,12,True,False,3,1
126.0,10,False,other,0,True,False,4,1
150.0,10,False,browser,5,True,False,3,1
28.0,10,False,chat,15,True,False,2,0
205.0,10,False,terminal,16,True,False,2,0
421.0,10,False,terminal,16,False,False,1,1
52.0,10,False,chat,15,True,False,2,0
290.0,10,False,chat,8,True,False,2,0
347.0,10,False,other,0,True,False,2,0
520.0,10,False,chat,12,True,False,2,1
19.0,10,False,browser,5,True,False,3,0
67.0,10,False,document,18,True,False,4,0
172.0,10,False,document,18,False,False,3,0
210.0,10,False,terminal,16,True,False,4,0
405.0,10,False,other,0,True,False,2,0
641.0,10,False,browser,5,True,False,1,1
227.0,10,False,chat,8,True,False,1,0
342.0,10,False,chat,12,False,False,1,0
501.0,10,False,chat,15,True,False,2,1
133.0,10,False,chat,8,True,False,2,0
189.0,10,False,chat,15,True,False,2,0
308.0,10,False,ide,16,True,False,2,1
159.0,10,False,browser,5,True,False,2,0
248.0,10,False,chat,11,True,False,2,1
123.0,10,False,chat,15,True,False,2,0
151.0,10,False,ide,33,True,False,3,1
93.0,10,False,chat,8,True,False,3,1
161.0,11,False,chat,8,False,False,3,0
229.0,11,False,terminal,11,True,False,2,0
421.0,11,False,terminal,10,False,False,2,0
524.0,11,False,other,0,True,False,2,0
674.0,11,False,terminal,10,True,False,2,1
inf,9,False,browser,5,True,True,0,0
inf,9,False,chat,8,True,True,1,0
inf,9,False,ide,16,True,True,2,0
inf,9,False,other,0,True,True,3,1
56.0,9,False,document,18,True,True,2,0
168.0,9,False,browser,29,True,False,3,0
259.0,9,False,ide,16,True,False,3,1
176.0,9,False,chat,11,True,True,2,0
406.0,9,False,browser,29,True,False,1,0
453.0,9,False,browser,7,False,False,2,0
564.0,9,False,terminal,16,True,True,2,0
651.0,9,False,browser,5,True,False,3,1
58.0,9,False,chat,11,True,False,3,0
93.0,9,False,other,0,True,False,4,0
125.0,9,False,chat,8,True,False,4,1
49.0,9,False,document,18,True,False,5,0
221.0,9,False,ide,25,True,False,4,1
104.0,9,False,document,18,True,False,2,0
165.0,9,False,chat,12,True,False,2,0
378.0,9,False,browser,7,True,False,2,1
16.0,9,False,chat,8,True,False,3,0
126.0,9,False,browser,29,True,False,2,0
157.0,9,False,chat,8,True,False,3,1
29.0,9,False,terminal,11,True,False,4,0
207.0,9,False,document,18,True,False,3,0
256.0,9,False,terminal,11,True,False,4,1
22.0,9,False,document,18,True,False,4,0
182.0,9,False,document,18,False,False,3,1
135.0,9,False,chat,15,True,True,2,0
290.0,9,False,chat,11,True,False,2,1
10.0,9,False,ide,16,True,False,3,0
75.0,9,False,browser,5,True,False,3,0
238.0,9,False,other,0,True,False,3,0
278.0,9,False,browser,29,True,False,4,0
358.0,9,False,document,18,True,False,3,1
101.0,9,False,chat,8,True,False,3,0
115.0,9,False,chat,11,False,False,4,0
273.0,10,False,chat,11,False,False,3,0
312.0,10,False,chat,15,True,False,3,1
169.0,10,False,chat,8,True,False,2,0
376.0,10,False,ide,33,True,False,1,1
197.0,10,False,other,0,True,False,1,0
418.0,10,False,ide,16,True,False,1,0
485.0,10,False,document,18,True,False,2,1
18.0,10,False,chat,11,True,False,2,0
201.0,10,False,chat,11,False,False,3,1
228.0,10,False,chat,11,False,False,1,0
279.0,10,False,other,0,True,False,2,0
300.0,10,False,chat,15,True,False,3,0
354.0,10,False,chat,15,False,False,3,0
395.0,10,False,ide,33,True,False,4,1
28.0,10,False,chat,8,True,False,5,0
173.0,10,False,terminal,10,True,False,5,0
307.0,10,False,chat,8,True,False,2,0
497.0,10,False,browser,5,True,False,1,1
47.0,10,False,chat,15,True,False,2,0
160.0,10,False,chat,8,True,False,2,0
228.0,10,False,terminal,10,True,False,3,1
152.0,10,False,chat,8,True,False,2,0
226.0,10,False,chat,15,True,False,3,0
inf,9,False,document,18,True,True,0,1
159.0,9,False,terminal,11,True,True,1,1
70.0,9,False,chat,15,True,True,2,0
223.0,9,False,chat,11,True,True,2,1
34.0,9,False,terminal,16,True,False,3,1
187.0,9,False,browser,7,True,True,2,0
372.0,9,False,other,0,True,True,1,0
609.0,9,False,browser,7,True,False,1,1
47.0,9,False,chat,12,True,False,2,0
229.0,9,False,other,0,True,False,2,0
384.0,9,False,chat,8,True,True,1,1
197.0,9,False,chat,8,False,False,1,0
364.0,9,False,browser,29,True,False,1,0
437.0,9,False,document,18,True,False,2,0
543.0,9,False,chat,11,True,False,2,0
591.0,9,False,chat,8,True,False,3,1
29.0,9,False,chat,15,True,False,4,0
140.0,9,False,browser,7,True,False,4,0
332.0,9,False,other,0,True,False,1,1
50.0,9,False,other,0,False,False,2,0
235.0,9,False,document,18,True,False,2,0
364.0,9,False,terminal,16,True,False,1,0
397.0,9,False,terminal,10,False,False,2,1
52.0,9,False,chat,15,True,False,3,0
248.0,9,False,chat,8,True,False,3,0
319.0,9,False,terminal,16,True,False,2,0
484.0,9,False,other,0,True,False,2,0
531.0,9,False,browser,7,True,False,3,0
557.0,9,False,browser,5,False,False,3,0
632.0,9,False,other,0,True,False,3,1
12.0,9,False,browser,5,True,False,4,0
141.0,10,False,chat,12,True,False,5,0
161.0,10,False,browser,29,True,False,5,0
336.0,10,False,chat,8,True,False,2,0
395.0,10,False,ide,16,True,True,3,1
159.0,10,False,ide,25,False,False,2,0
285.0,10,False,chat,8,True,False,2,0
376.0,10,False,document,18,True,False,2,0
461.0,10,False,document,18,False,False,2,0
636.0,10,False,chat,12,True,False,2,1
161.0,10,False,other,0,True,False,1,0
389.0,10,False,ide,25,True,False,1,0
394.0,10,False,document,18,True,False,2,0
584.0,10,False,chat,15,True,False,2,0
743.0,10,False,terminal,16,True,False,1,1
76.0,10,False,browser,7,True,False,2,0
196.0,10,False,chat,12,True,False,2,0
370.0,10,False,chat,15,True,False,2,0
538.0,10,False,chat,8,True,False,1,0
705.0,10,False,document,18,True,False,1,1
211.0,10,False,document,18,False,False,1,0
275.0,10,False,document,18,False,False,2,0
469.0,10,False,chat,15,True,False,2,0
583.0,10,False,browser,5,True,False,1,0
775.0,10,False,chat,15,True,False,1,0
935.0,10,False,other,0,True,False,1,0
976.0,10,False,chat,11,True,False,2,0
1108.0,10,False,ide,16,True,False,2,0
1326.0,11,False,browser,5,True,False,1,0
1560.0,11,False,chat,15,True,False,1,0
